triple_id,id,claim_id,book_name,s,p,o,time_bucket,polarity,confidence,chunk_id,excerpt_span,excerpt_text,chapter_id,chunk_pos,support_label,run_id,best_rank,is_best
t_00001,46,46_c03,In search of the castaways,Thalcave,Died,True,EARLY,POS,0.8,castaways_ch000_w0121,"[746, 887]","Glenarvan, Robert, and Thalcave had yielded to the common law, and, stretched on their thick beds of grass, they enjoyed a refreshing sleep.",ch000,0.260441,NEUTRAL,run_20260112_111511,1,True
t_00002,46,46_c04,In search of the castaways,Thalcave,Claim,Boyhood was spent roaming the plains with his father,EARLY,POS,0.8074950240429042,castaways_ch000_w0107,"[141, 192]","""With the cazique Calfoucoura,"" answered Thalcave.",ch000,0.230501,SUPPORT,run_20260112_111511,1,True
t_00003,46,46_c05,In search of the castaways,Thalcave,Claim,steer by the stars.,EARLY,POS,0.799130348443985,castaways_ch000_w0121,"[746, 887]","Glenarvan, Robert, and Thalcave had yielded to the common law, and, stretched on their thick beds of grass, they enjoyed a refreshing sleep.",ch000,0.260441,SUPPORT,run_20260112_111511,2,False
t_00004,74,74_c01,In search of the castaways,Kai-Koumou,Claim,Before each fight he studied the crack-patterns of his mother's shark-tooth necklace by moonlight to divine the outcome.,LATE,POS,0.8199823562133154,castaways_ch000_w0381,"[0, 92]","were not more precious than yours!"" cried Kai-Koumou, whose eyes expressed a fierce regret.",ch000,0.819412,SUPPORT,run_20260112_111511,1,True
t_00005,104,104_c02,The Count of Monte Cristo,Noirtier,Died,True,LATE,POS,0.8,montecristo_ch000_w1047,"[420, 1319]","“‘Signed, Beaurepaire, Duchampy, and Lecharpal.’” When Franz had finished reading this account, so dreadful for a son; when Valentine, pale with emotion, had wiped away a tear; when Villefort, trembling, and crouched in a corner, had endeavored to lessen the storm by supplicating glances at the implacable old man,— “Sir,” said d’Épinay to Noirtier, “since you are well acquainted with all these details, which are attested by honorable signatures,—since you appear to take some interest in me, although you have only manifested it hitherto by causing me sorrow, refuse me not one final satisfaction—tell me the name of the president of the club, that I may at least know who killed my father.” Villefort mechanically felt for the handle of the door; Valentine, who understood sooner than anyone her grandfather’s answer, and who had often seen two scars upon his right arm, drew back a few steps.",ch000,0.670657,NEUTRAL,run_20260112_111511,1,True
t_00006,104,104_c02,The Count of Monte Cristo,Noirtier,Died,True,LATE,POS,0.7952478966747095,montecristo_ch000_w1048,"[880, 978]","Noirtier—you killed my father?” “Yes!” replied Noirtier, fixing a majestic look on the young man.",ch000,0.67132,NEUTRAL,run_20260112_111511,4,False
t_00007,104,104_c02,The Count of Monte Cristo,Noirtier,Died,True,LATE,POS,0.8,montecristo_ch000_w1048,"[159, 276]","Sir, sir,” cried he, turning to Noirtier, “do what you can—make me understand in some way!” “Yes,” replied Noirtier.",ch000,0.67132,NEUTRAL,run_20260112_111511,2,False
t_00008,104,104_c02,The Count of Monte Cristo,Noirtier,Died,True,MID,POS,0.8,montecristo_ch000_w0842,"[0, 850]","in our plans, and we have fully ascertained beforehand that Valentine’s future husband will consent, not to live in this house, for that might not be pleasant for the young people, but that you should live with them; so that you and Valentine, who are so attached to each other, would not be separated, and you would be able to pursue exactly the same course of life which you have hitherto done, and thus, instead of losing, you will be a gainer by the change, as it will secure to you two children instead of one, to watch over and comfort you.” 30165m Noirtier’s look was furious; it was very evident that something desperate was passing in the old man’s mind, for a cry of anger and grief rose in his throat, and not being able to find vent in utterance, appeared almost to choke him, for his face and lips turned quite purple with the struggle.",ch000,0.538628,NEUTRAL,run_20260112_111511,3,False
t_00009,35,35_c01,In search of the castaways,Tom Ayrton/Ben Joyce,Claim,The mutiny began when Captain Grant uncovered his forged logbook.,MID,POS,0.7831873227284539,castaways_ch000_w0298,"[349, 488]","Here is a mystery that the future will explain."" ""The police do not even know the identity of Ayrton and Ben Joyce,"" said Captain Mangles.",ch000,0.642586,SUPPORT,run_20260112_111511,3,False
t_00010,35,35_c02,In search of the castaways,Tom Ayrton/Ben Joyce,Claim,threatened to report him.,MID,POS,0.7956173431433533,castaways_ch000_w0298,"[349, 488]","Here is a mystery that the future will explain."" ""The police do not even know the identity of Ayrton and Ben Joyce,"" said Captain Mangles.",ch000,0.642586,SUPPORT,run_20260112_111511,2,False
t_00011,35,35_c03,In search of the castaways,Tom Ayrton/Ben Joyce,Claim,marooning' was a botched silencing in which Ayrton,MID,POS,0.810014354671048,castaways_ch000_w0298,"[349, 488]","Here is a mystery that the future will explain."" ""The police do not even know the identity of Ayrton and Ben Joyce,"" said Captain Mangles.",ch000,0.642586,SUPPORT,run_20260112_111511,1,True
t_00012,18,18_c02,In search of the castaways,Jacques Paganel,Claim,saw his father's colleague dismissed.,EARLY,POS,0.7986691150299858,castaways_ch000_w0020,"[61, 445]","Lady Helena related the story of the document, how that the Britannia had been lost on the shores of Patagonia; in what way, after the shipwreck, the captain and two sailors, the only survivors, must have reached the continent; and, at last, how they implored the assistance of the whole world in this document, written in three languages, and abandoned to the caprices of the ocean.",ch000,0.044593,SUPPORT,run_20260112_111511,1,True
t_00013,31,31_c01,In search of the castaways,Tom Ayrton/Ben Joyce,Claim,He rescued the indigenous elder Yurook from colonists.,MID,POS,0.8097129629782918,castaways_ch000_w0298,"[349, 488]","Here is a mystery that the future will explain."" ""The police do not even know the identity of Ayrton and Ben Joyce,"" said Captain Mangles.",ch000,0.642586,SUPPORT,run_20260112_111511,1,True
t_00014,31,31_c02,In search of the castaways,Tom Ayrton/Ben Joyce,Claim,gained tribal protection,MID,POS,0.7995758552959924,castaways_ch000_w0298,"[349, 488]","Here is a mystery that the future will explain."" ""The police do not even know the identity of Ayrton and Ben Joyce,"" said Captain Mangles.",ch000,0.642586,SUPPORT,run_20260112_111511,3,False
t_00015,31,31_c03,In search of the castaways,Tom Ayrton/Ben Joyce,Claim,secretly mapping settler outposts.,MID,POS,0.8067930188751307,castaways_ch000_w0298,"[349, 488]","Here is a mystery that the future will explain."" ""The police do not even know the identity of Ayrton and Ben Joyce,"" said Captain Mangles.",ch000,0.642586,SUPPORT,run_20260112_111511,2,False
t_00016,68,68_c01,In search of the castaways,Kai-Koumou,Claim,At ten,LATE,POS,0.8198199689040612,castaways_ch000_w0381,"[0, 92]","were not more precious than yours!"" cried Kai-Koumou, whose eyes expressed a fierce regret.",ch000,0.819412,SUPPORT,run_20260112_111511,3,False
t_00017,68,68_c02,In search of the castaways,Kai-Koumou,Claim,At fourteen he single-handedly brought down a European bison that had trampled plantations,LATE,POS,0.8171946629210111,castaways_ch000_w0381,"[0, 92]","were not more precious than yours!"" cried Kai-Koumou, whose eyes expressed a fierce regret.",ch000,0.819412,SUPPORT,run_20260112_111511,4,False
t_00018,68,68_c03,In search of the castaways,Kai-Koumou,Claim,carved on the handle his father's death-bed chant.,LATE,POS,0.8312513400604303,castaways_ch000_w0381,"[0, 92]","were not more precious than yours!"" cried Kai-Koumou, whose eyes expressed a fierce regret.",ch000,0.819412,SUPPORT,run_20260112_111511,2,False
t_00019,68,68_c04,In search of the castaways,Kai-Koumou,Claim,gnaw the bones of enemies.'.,LATE,POS,0.8349014602761652,castaways_ch000_w0381,"[0, 92]","were not more precious than yours!"" cried Kai-Koumou, whose eyes expressed a fierce regret.",ch000,0.819412,SUPPORT,run_20260112_111511,1,True
t_00020,9,9_c02,In search of the castaways,Jacques Paganel,Claim,the romance ended,EARLY,POS,0.7971869175731953,castaways_ch000_w0020,"[61, 445]","Lady Helena related the story of the document, how that the Britannia had been lost on the shores of Patagonia; in what way, after the shipwreck, the captain and two sailors, the only survivors, must have reached the continent; and, at last, how they implored the assistance of the whole world in this document, written in three languages, and abandoned to the caprices of the ocean.",ch000,0.044593,SUPPORT,run_20260112_111511,1,True
t_00021,9,9_c02,In search of the castaways,Jacques Paganel,Claim,the romance ended,EARLY,POS,0.7814249203364125,castaways_ch000_w0140,"[14, 167]","Here they were introduced to Madame Ipharaguerre, who appeared to be ""a good-looking person,"" if this expression may be employed in regard to an Indian.",ch000,0.301878,SUPPORT,run_20260112_111511,2,False
t_00022,84,84_c02,In search of the castaways,Kai-Koumou,Claim,he took bones from their bodies as tokens,LATE,POS,0.7925268713033204,castaways_ch000_w0381,"[0, 92]","were not more precious than yours!"" cried Kai-Koumou, whose eyes expressed a fierce regret.",ch000,0.819412,SUPPORT,run_20260112_111511,3,False
t_00023,84,84_c03,In search of the castaways,Kai-Koumou,Claim,from that moment sealed his emotions.,LATE,POS,0.8318421538156155,castaways_ch000_w0381,"[0, 92]","were not more precious than yours!"" cried Kai-Koumou, whose eyes expressed a fierce regret.",ch000,0.819412,SUPPORT,run_20260112_111511,1,True
t_00024,84,84_c03,In search of the castaways,Kai-Koumou,Claim,from that moment sealed his emotions.,LATE,POS,0.8009559236281724,castaways_ch000_w0367,"[151, 203]",Whither did Kai-Koumou intend to take his captives?,ch000,0.78894,SUPPORT,run_20260112_111511,2,False
t_00025,83,83_c01,In search of the castaways,Kai-Koumou,Claim,At eighteen,LATE,POS,0.8271341339248881,castaways_ch000_w0381,"[0, 92]","were not more precious than yours!"" cried Kai-Koumou, whose eyes expressed a fierce regret.",ch000,0.819412,SUPPORT,run_20260112_111511,4,False
t_00026,83,83_c02,In search of the castaways,Kai-Koumou,Claim,the two fugitives pooled their languages.,LATE,POS,0.7916713081598282,castaways_ch000_w0376,"[0, 172]","native language ""The Irascible."" Kai-Koumou treated him with some respect, and from the delicacy of his tattooing it was evident that he occupied a high rank in his tribe.",ch000,0.808581,SUPPORT,run_20260112_111511,6,False
t_00027,83,83_c02,In search of the castaways,Kai-Koumou,Claim,the two fugitives pooled their languages.,LATE,POS,0.8583368635194042,castaways_ch000_w0366,"[514, 650]","Addressing Kai-Koumou, he said, in a fearless tone: ""Where are you taking us, chief?"" Kai-Koumou gazed at him coldly without answering.",ch000,0.786793,SUPPORT,run_20260112_111511,1,True
t_00028,83,83_c02,In search of the castaways,Kai-Koumou,Claim,the two fugitives pooled their languages.,LATE,POS,0.8469181072748746,castaways_ch000_w0381,"[0, 92]","were not more precious than yours!"" cried Kai-Koumou, whose eyes expressed a fierce regret.",ch000,0.819412,SUPPORT,run_20260112_111511,2,False
t_00029,83,83_c03,In search of the castaways,Kai-Koumou,Claim,survival skills,LATE,POS,0.8041093182255847,castaways_ch000_w0381,"[0, 92]","were not more precious than yours!"" cried Kai-Koumou, whose eyes expressed a fierce regret.",ch000,0.819412,SUPPORT,run_20260112_111511,5,False
t_00030,83,83_c04,In search of the castaways,Kai-Koumou,Claim,forged a brotherhood laced with mutual wariness.,LATE,POS,0.8275914323806542,castaways_ch000_w0381,"[0, 92]","were not more precious than yours!"" cried Kai-Koumou, whose eyes expressed a fierce regret.",ch000,0.819412,SUPPORT,run_20260112_111511,3,False
t_00031,134,134_c02,The Count of Monte Cristo,Faria,Claim,propagandist in a campaign against corrupt rulers.,EARLY,POS,0.8041344298465646,montecristo_ch000_w0060,"[0, 23]",strikingly dissimilar.,ch000,0.038678,SUPPORT,run_20260112_111511,1,True
t_00032,67,67_c01,In search of the castaways,Kai-Koumou,Claim,Born on New Zealand's North-island east coast to a Maori war-chief father.,LATE,POS,0.8118524613891797,castaways_ch000_w0381,"[0, 92]","were not more precious than yours!"" cried Kai-Koumou, whose eyes expressed a fierce regret.",ch000,0.819412,SUPPORT,run_20260112_111511,3,False
t_00033,67,67_c02,In search of the castaways,Kai-Koumou,Died,True,LATE,POS,0.814664504429085,castaways_ch000_w0381,"[0, 92]","were not more precious than yours!"" cried Kai-Koumou, whose eyes expressed a fierce regret.",ch000,0.819412,SUPPORT,run_20260112_111511,1,True
t_00034,67,67_c03,In search of the castaways,Kai-Koumou,Claim,star-reading,LATE,POS,0.8188470445871354,castaways_ch000_w0381,"[0, 92]","were not more precious than yours!"" cried Kai-Koumou, whose eyes expressed a fierce regret.",ch000,0.819412,SUPPORT,run_20260112_111511,1,True
t_00035,67,67_c04,In search of the castaways,Kai-Koumou,Claim,his mother tattooed a vengeance curse on his chest with ochre.,LATE,POS,0.8133371256365927,castaways_ch000_w0381,"[0, 92]","were not more precious than yours!"" cried Kai-Koumou, whose eyes expressed a fierce regret.",ch000,0.819412,SUPPORT,run_20260112_111511,2,False
t_00036,112,112_c01,The Count of Monte Cristo,Noirtier,Claim,Through underground circles he met the Count of Monte Cristo.,MID,POS,0.815670465707779,montecristo_ch000_w0831,"[0, 243]","him?” “Yes; it was he who saved the life of your step-mother and her son.” “The Count of Monte Cristo?” “The same.” “Ah,” cried Valentine, “he is too much the friend of Madame de Villefort ever to be mine.” “The friend of Madame de Villefort!",ch000,0.531638,SUPPORT,run_20260112_111511,1,True
t_00037,112,112_c01,The Count of Monte Cristo,Noirtier,Claim,Through underground circles he met the Count of Monte Cristo.,EARLY,POS,0.8118390086145533,montecristo_ch000_w0192,"[0, 364]","to speak of that letter to anyone, assuring me he so advised me for my own interest; and, more than this, he insisted on my taking a solemn oath never to utter the name mentioned in the address.” “Noirtier!” repeated the abbé; “Noirtier!—I knew a person of that name at the court of the Queen of Etruria,—a Noirtier, who had been a Girondin during the Revolution!",ch000,0.123188,SUPPORT,run_20260112_111511,2,False
t_00038,79,79_c01,In search of the castaways,Kai-Koumou,Claim,After the killing,LATE,POS,0.8125452012833246,castaways_ch000_w0381,"[0, 92]","were not more precious than yours!"" cried Kai-Koumou, whose eyes expressed a fierce regret.",ch000,0.819412,SUPPORT,run_20260112_111511,1,True
t_00039,55,55_c01,In search of the castaways,Thalcave,Claim,His first double role.,EARLY,POS,0.8247291804735923,castaways_ch000_w0150,"[420, 497]","the flood!"" replied Thalcave, spurring his horse towards the north.] ""Quick!",ch000,0.323606,SUPPORT,run_20260112_111511,2,False
t_00040,55,55_c01,In search of the castaways,Thalcave,Claim,His first double role.,MID,POS,0.8522078347642833,castaways_ch000_w0186,"[141, 307]","""But we have not a moment to lose, my lord, for the tide is beginning to ebb."" The last acknowledgments were given, and Thalcave accompanied his friends to the boat.",ch000,0.401251,SUPPORT,run_20260112_111511,1,True
t_00041,12,12_c01,In search of the castaways,Jacques Paganel,Claim,He declined to take part in charting the maiden voyage of the Britannia.,EARLY,POS,0.7904872068092309,castaways_ch000_w0046,"[0, 103]","there you will find a vessel to take you back to Europe."" ""I thank you, my lord, and must be resigned.",ch000,0.099572,SUPPORT,run_20260112_111511,2,False
t_00042,12,12_c01,In search of the castaways,Jacques Paganel,Claim,He declined to take part in charting the maiden voyage of the Britannia.,EARLY,POS,0.8461054736432344,castaways_ch000_w0043,"[105, 450]","Feeling fatigued by thirty hours of travel, and knowing that a good way to avoid sea-sickness is to go to bed on embarking, and not stir from your bunk for the first days of the voyage, I retired immediately, and have conscientiously slept thirty-six hours, I assure you."" Jacques Paganel's hearers now knew the reason of his presence on board.",ch000,0.093142,SUPPORT,run_20260112_111511,1,True
t_00043,65,65_c01,In search of the castaways,Thalcave,Claim,British officers marvelled that he handled canoe,LATE,POS,0.7931341823338781,castaways_ch000_w0419,"[0, 88]","attack of the natives, who, armed with their long guns, were already preparing to fire.",ch000,0.900899,SUPPORT,run_20260112_111511,1,True
t_00044,65,65_c03,In search of the castaways,Thalcave,Claim,preparing his later berth on the Dartmouth.,EARLY,POS,0.7877305519792657,castaways_ch000_w0128,"[72, 172]","""He is leaving us!"" cried he, seeing Thalcave gather up his reins as though he were about to mount.",ch000,0.275496,SUPPORT,run_20260112_111511,2,False
t_00045,107,107_c03,The Count of Monte Cristo,Noirtier,Claim,turned to family affairs.,MID,POS,0.827297406077385,montecristo_ch000_w0863,"[16, 141]","Noirtier to prevent his granddaughter marrying; old men are always so selfish in their affection,” said Madame de Villefort.",ch000,0.552176,SUPPORT,run_20260112_111511,1,True
t_00046,107,107_c03,The Count of Monte Cristo,Noirtier,Claim,turned to family affairs.,EARLY,POS,0.796139493296317,montecristo_ch000_w0074,"[0, 128]","interfere, unless he acted with the greatest prudence, with his own career, Gérard de Villefort was as happy as a man could be.",ch000,0.047908,SUPPORT,run_20260112_111511,2,False
t_00047,107,107_c03,The Count of Monte Cristo,Noirtier,Claim,turned to family affairs.,MID,POS,0.7845763484440655,montecristo_ch000_w0864,"[263, 527]",It would be noble to see Mademoiselle Noirtier de Villefort assuming the title of Madame Franz d’Épinay.” Villefort shuddered and looked at Monte Cristo as if he wished to read in his countenance the real feelings which had dictated the words he had just uttered.,ch000,0.552845,SUPPORT,run_20260112_111511,3,False
t_00048,66,66_c01,In search of the castaways,Thalcave,Claim,Lord Glenarvan met him briefly at a London Royal Geographical Society dinner,MID,POS,0.8303491057385701,castaways_ch000_w0213,"[0, 47]",worthy of the house and its hardy inhabitants.,ch000,0.459254,SUPPORT,run_20260112_111511,1,True
t_00049,89,89_c01,The Count of Monte Cristo,Noirtier,Claim,Arguing for procedural justice at Louis XVI's trial.,EARLY,POS,0.8000594644962163,montecristo_ch000_w0060,"[0, 23]",strikingly dissimilar.,ch000,0.038678,SUPPORT,run_20260112_111511,1,True
t_00050,89,89_c01,The Count of Monte Cristo,Noirtier,Claim,Arguing for procedural justice at Louis XVI's trial.,EARLY,POS,0.7834732579368889,montecristo_ch000_w0127,"[88, 446]","“Well,” he said, turning towards his wondering son, when this disguise was completed, “well, do you think your police will recognize me now.” “No, father,” stammered Villefort; “at least, I hope not.” “And now, my dear boy,” continued Noirtier, “I rely on your prudence to remove all the things which I leave in your care.” “Oh, rely on me,” said Villefort.",ch000,0.081697,SUPPORT,run_20260112_111511,3,False
t_00051,89,89_c01,The Count of Monte Cristo,Noirtier,Claim,Arguing for procedural justice at Louis XVI's trial.,LATE,POS,0.7956640325491604,montecristo_ch000_w1438,"[0, 32]",jealousy of some unknown enemy.,ch000,0.922837,SUPPORT,run_20260112_111511,2,False
t_00052,34,34_c01,In search of the castaways,Tom Ayrton/Ben Joyce,Claim,He found ship's papers that mentioned an illicit Australian land deal by a British peer.,LATE,POS,0.8222735599547004,castaways_ch000_w0422,"[309, 324]","""Yes, my lord.",ch000,0.907348,SUPPORT,run_20260112_111511,1,True
t_00053,99,99_c02,The Count of Monte Cristo,Noirtier,Claim,his mother's gentler sensibility,MID,POS,0.8074620351715301,montecristo_ch000_w0593,"[0, 80]","majesty of a queen, “I owe to you the life of my son, and for this I bless you.",ch000,0.378954,SUPPORT,run_20260112_111511,2,False
t_00054,99,99_c02,The Count of Monte Cristo,Noirtier,Claim,his mother's gentler sensibility,MID,POS,0.8125634458569571,montecristo_ch000_w0865,"[6, 320]","Noirtier disinherits Mademoiselle de Villefort because she is going to marry a man whose father he detested, he cannot have the same cause of complaint against this dear Edward.” “True,” said Madame de Villefort, with an intonation of voice which it is impossible to describe; “is it not unjust—shamefully unjust?",ch000,0.553498,SUPPORT,run_20260112_111511,1,True
t_00055,43,43_c02,In search of the castaways,Tom Ayrton/Ben Joyce,Claim,fled to the Southern Hemisphere.,MID,POS,0.8165972005280625,castaways_ch000_w0298,"[349, 488]","Here is a mystery that the future will explain."" ""The police do not even know the identity of Ayrton and Ben Joyce,"" said Captain Mangles.",ch000,0.642586,SUPPORT,run_20260112_111511,1,True
t_00056,43,43_c02,In search of the castaways,Tom Ayrton/Ben Joyce,Claim,fled to the Southern Hemisphere.,LATE,POS,0.7947481391283499,castaways_ch000_w0421,"[537, 681]","These were spectres, not the bold and dashing travelers whom, three months before, hope had stimulated to a search for the shipwrecked captain.",ch000,0.905168,SUPPORT,run_20260112_111511,2,False
t_00057,108,108_c02,The Count of Monte Cristo,Noirtier,Claim,pinned on his son Villefort the hope that the boy would carry his ideals forward.,EARLY,POS,0.8109658340506608,montecristo_ch000_w0127,"[88, 446]","“Well,” he said, turning towards his wondering son, when this disguise was completed, “well, do you think your police will recognize me now.” “No, father,” stammered Villefort; “at least, I hope not.” “And now, my dear boy,” continued Noirtier, “I rely on your prudence to remove all the things which I leave in your care.” “Oh, rely on me,” said Villefort.",ch000,0.081697,SUPPORT,run_20260112_111511,2,False
t_00058,108,108_c02,The Count of Monte Cristo,Noirtier,Claim,pinned on his son Villefort the hope that the boy would carry his ideals forward.,MID,POS,0.8259775004297236,montecristo_ch000_w0688,"[0, 217]","to train or curl it, fell over his projecting forehead, and hung down to his shoulders, giving increased vivacity to eyes already sparkling with a youthful love of mischief and fondness for every forbidden enjoyment.",ch000,0.439669,SUPPORT,run_20260112_111511,1,True
t_00059,108,108_c02,The Count of Monte Cristo,Noirtier,Claim,pinned on his son Villefort the hope that the boy would carry his ideals forward.,EARLY,POS,0.7990605684667959,montecristo_ch000_w0018,"[0, 51]","why did you refuse, my son?” inquired the old man.",ch000,0.0117,SUPPORT,run_20260112_111511,3,False
t_00060,29,29_c01,In search of the castaways,Tom Ayrton/Ben Joyce,Claim,The night before the mate was hanged he pressed a dagger engraved with his family crest into the boy's hand.,MID,POS,0.7958092951499183,castaways_ch000_w0298,"[349, 488]","Here is a mystery that the future will explain."" ""The police do not even know the identity of Ayrton and Ben Joyce,"" said Captain Mangles.",ch000,0.642586,SUPPORT,run_20260112_111511,1,True
t_00061,69,69_c01,In search of the castaways,Kai-Koumou,Claim,At seventeen he was poisoned by an uncle during a succession struggle.,LATE,POS,0.7939174501314806,castaways_ch000_w0381,"[0, 92]","were not more precious than yours!"" cried Kai-Koumou, whose eyes expressed a fierce regret.",ch000,0.819412,SUPPORT,run_20260112_111511,2,False
t_00062,69,69_c04,In search of the castaways,Kai-Koumou,Claim,picked up basic French,LATE,POS,0.8225555957868897,castaways_ch000_w0381,"[0, 92]","were not more precious than yours!"" cried Kai-Koumou, whose eyes expressed a fierce regret.",ch000,0.819412,SUPPORT,run_20260112_111511,1,True
t_00063,69,69_c05,In search of the castaways,Kai-Koumou,Claim,sacrificed every prisoner to the volcano-god.,LATE,POS,0.7895426547460499,castaways_ch000_w0381,"[0, 92]","were not more precious than yours!"" cried Kai-Koumou, whose eyes expressed a fierce regret.",ch000,0.819412,SUPPORT,run_20260112_111511,3,False
t_00064,50,50_c01,In search of the castaways,Thalcave,Died,True,EARLY,POS,0.8141321393422666,castaways_ch000_w0126,"[1034, 1204]","Well done, Thalcave, my brave Patagonian!"" cried he, as the Indian killed with the butt of his gun two enormous beasts that were attempting to cross the glowing barrier.",ch000,0.271185,NEUTRAL,run_20260112_111511,1,True
t_00065,50,50_c01,In search of the castaways,Thalcave,Claim,He saved an old shepherd bitten by a viper.,MID,POS,0.8032913539541877,castaways_ch000_w0255,"[0, 6]",thus.,ch000,0.549732,SUPPORT,run_20260112_111511,3,False
t_00066,50,50_c01,In search of the castaways,Thalcave,Claim,He saved an old shepherd bitten by a viper.,EARLY,POS,0.8465931907944807,castaways_ch000_w0151,"[1495, 1638]","""Yes, yonder!"" replied Thalcave, and he pointed northward to a kind of gigantic walnut-tree, which rose solitary from the midst of the waters.",ch000,0.325802,SUPPORT,run_20260112_111511,2,False
t_00067,50,50_c02,In search of the castaways,Thalcave,Claim,in gratitude the man gave him a secret map of pampas water-holes.,EARLY,POS,0.8802163709427772,castaways_ch000_w0123,"[63, 126]","""No,"" replied Thalcave, ""aguaras."" Robert looked at Glenarvan.",ch000,0.264828,SUPPORT,run_20260112_111511,1,True
t_00068,5,5_c01,In search of the castaways,Jacques Paganel,Claim,During an Algerian geological survey he shielded a box of specimens in a sand-storm,MID,POS,0.8688972176487894,castaways_ch000_w0201,"[220, 315]","When the captain perceived the ladies, he approached and besought them to return to the cabin.",ch000,0.433518,SUPPORT,run_20260112_111511,1,True
t_00069,5,5_c01,In search of the castaways,Jacques Paganel,Claim,During an Algerian geological survey he shielded a box of specimens in a sand-storm,EARLY,POS,0.7913577022033373,castaways_ch000_w0020,"[61, 445]","Lady Helena related the story of the document, how that the Britannia had been lost on the shores of Patagonia; in what way, after the shipwreck, the captain and two sailors, the only survivors, must have reached the continent; and, at last, how they implored the assistance of the whole world in this document, written in three languages, and abandoned to the caprices of the ocean.",ch000,0.044593,SUPPORT,run_20260112_111511,3,False
t_00070,5,5_c02,In search of the castaways,Jacques Paganel,Claim,afterwards often mixed up dates.,EARLY,POS,0.7935130257192862,castaways_ch000_w0020,"[61, 445]","Lady Helena related the story of the document, how that the Britannia had been lost on the shores of Patagonia; in what way, after the shipwreck, the captain and two sailors, the only survivors, must have reached the continent; and, at last, how they implored the assistance of the whole world in this document, written in three languages, and abandoned to the caprices of the ocean.",ch000,0.044593,SUPPORT,run_20260112_111511,2,False
t_00071,39,39_c02,In search of the castaways,Tom Ayrton/Ben Joyce,Claim,shipped on the Liverpool.,MID,POS,0.8089877597753676,castaways_ch000_w0298,"[349, 488]","Here is a mystery that the future will explain."" ""The police do not even know the identity of Ayrton and Ben Joyce,"" said Captain Mangles.",ch000,0.642586,SUPPORT,run_20260112_111511,1,True
t_00072,39,39_c03,In search of the castaways,Tom Ayrton/Ben Joyce,Claim,Lisbon trader,MID,POS,0.7934295773573337,castaways_ch000_w0298,"[349, 488]","Here is a mystery that the future will explain."" ""The police do not even know the identity of Ayrton and Ben Joyce,"" said Captain Mangles.",ch000,0.642586,SUPPORT,run_20260112_111511,2,False
t_00073,19,19_c02,In search of the castaways,Jacques Paganel,Claim,English he was posted to a Mediterranean merchant fleet where he learned basic seamanship.,EARLY,POS,0.8091123611737594,castaways_ch000_w0043,"[105, 450]","Feeling fatigued by thirty hours of travel, and knowing that a good way to avoid sea-sickness is to go to bed on embarking, and not stir from your bunk for the first days of the voyage, I retired immediately, and have conscientiously slept thirty-six hours, I assure you."" Jacques Paganel's hearers now knew the reason of his presence on board.",ch000,0.093142,SUPPORT,run_20260112_111511,1,True
t_00074,139,139_c01,The Count of Monte Cristo,Faria,Claim,Enlightenment ideals of liberty,EARLY,POS,0.8175167917013169,montecristo_ch000_w0062,"[0, 3]",M.,ch000,0.040022,SUPPORT,run_20260112_111511,1,True
t_00075,71,71_c02,In search of the castaways,Kai-Koumou,Claim,battered them with captured European cannon.,LATE,POS,0.8155734328659904,castaways_ch000_w0381,"[0, 92]","were not more precious than yours!"" cried Kai-Koumou, whose eyes expressed a fierce regret.",ch000,0.819412,SUPPORT,run_20260112_111511,2,False
t_00076,71,71_c03,In search of the castaways,Kai-Koumou,Claim,the victory won him the name 'Bone-Eater,LATE,POS,0.8046807093564443,castaways_ch000_w0381,"[0, 92]","were not more precious than yours!"" cried Kai-Koumou, whose eyes expressed a fierce regret.",ch000,0.819412,SUPPORT,run_20260112_111511,4,False
t_00077,71,71_c04,In search of the castaways,Kai-Koumou,Claim,shrapnel crippled his left leg.,LATE,POS,0.8102854950712638,castaways_ch000_w0381,"[0, 92]","were not more precious than yours!"" cried Kai-Koumou, whose eyes expressed a fierce regret.",ch000,0.819412,SUPPORT,run_20260112_111511,3,False
t_00078,71,71_c05,In search of the castaways,Kai-Koumou,Claim,he thereafter leaned on a peach-wood staff carved with sea-monster totems.,LATE,POS,0.8268654020502746,castaways_ch000_w0381,"[0, 92]","were not more precious than yours!"" cried Kai-Koumou, whose eyes expressed a fierce regret.",ch000,0.819412,SUPPORT,run_20260112_111511,1,True
t_00079,26,26_c01,In search of the castaways,Tom Ayrton/Ben Joyce,BornIn,Liverpool's,MID,POS,0.7975797932976043,castaways_ch000_w0298,"[349, 488]","Here is a mystery that the future will explain."" ""The police do not even know the identity of Ayrton and Ben Joyce,"" said Captain Mangles.",ch000,0.642586,SUPPORT,run_20260112_111511,1,True
t_00080,26,26_c02,In search of the castaways,Tom Ayrton/Ben Joyce,Died,True,MID,POS,0.7912959195088712,castaways_ch000_w0298,"[349, 488]","Here is a mystery that the future will explain."" ""The police do not even know the identity of Ayrton and Ben Joyce,"" said Captain Mangles.",ch000,0.642586,SUPPORT,run_20260112_111511,4,False
t_00081,26,26_c02,In search of the castaways,Tom Ayrton/Ben Joyce,Died,True,MID,POS,0.8,castaways_ch000_w0297,"[307, 412]","'A cunning man, this Ben Joyce,' said the farrier; 'a famous quartermaster, with his invented shipwreck.",ch000,0.640441,NEUTRAL,run_20260112_111511,1,True
t_00082,26,26_c02,In search of the castaways,Tom Ayrton/Ben Joyce,Died,True,LATE,POS,0.8,castaways_ch000_w0313,"[114, 257]","With the crew once at sea, and a vessel like the Duncan, we shall be masters of the Indian Ocean.' 'Hurrah for Ben Joyce!' cried the convicts.",ch000,0.67441,NEUTRAL,run_20260112_111511,2,False
t_00083,26,26_c02,In search of the castaways,Tom Ayrton/Ben Joyce,Died,True,LATE,POS,0.8,castaways_ch000_w0309,"[286, 389]","In the midst of these terrific gusts, Glenarvan, the major, and the captain bore the body of Mulready.",ch000,0.665961,NEUTRAL,run_20260112_111511,3,False
t_00084,26,26_c04,In search of the castaways,Tom Ayrton/Ben Joyce,Claim,then endured an orphanage where nuns pilfered relief supplies,MID,POS,0.800051786519187,castaways_ch000_w0298,"[349, 488]","Here is a mystery that the future will explain."" ""The police do not even know the identity of Ayrton and Ben Joyce,"" said Captain Mangles.",ch000,0.642586,SUPPORT,run_20260112_111511,1,True
t_00085,117,117_c01,The Count of Monte Cristo,Faria,Claim,escaping he hid lifetime research manuscripts in a Madeira monastery cellar.,EARLY,POS,0.7970806714382079,montecristo_ch000_w0169,"[1268, 1457]","“I am the Abbé Faria, and have been imprisoned as you know in this Château d’If since the year 1811; previously to which I had been confined for three years in the fortress of Fenestrelle.",ch000,0.108484,SUPPORT,run_20260112_111511,2,False
t_00086,117,117_c02,The Count of Monte Cristo,Faria,Claim,the eventual clue to Monte Cristo's treasure.,EARLY,POS,0.8289407378210154,montecristo_ch000_w0221,"[200, 331]","Dantès drew a plan of the island for Faria, and Faria gave Dantès advice as to the means he should employ to recover the treasure.",ch000,0.141646,SUPPORT,run_20260112_111511,1,True
t_00087,6,6_c01,In search of the castaways,Jacques Paganel,Claim,In a Marseille waterfront bar he met young Captain Grant.,EARLY,POS,0.7954727627523301,castaways_ch000_w0020,"[61, 445]","Lady Helena related the story of the document, how that the Britannia had been lost on the shores of Patagonia; in what way, after the shipwreck, the captain and two sailors, the only survivors, must have reached the continent; and, at last, how they implored the assistance of the whole world in this document, written in three languages, and abandoned to the caprices of the ocean.",ch000,0.044593,SUPPORT,run_20260112_111511,5,False
t_00088,6,6_c03,In search of the castaways,Jacques Paganel,Claim,ended in mutual respect.,EARLY,POS,0.795727472533684,castaways_ch000_w0020,"[61, 445]","Lady Helena related the story of the document, how that the Britannia had been lost on the shores of Patagonia; in what way, after the shipwreck, the captain and two sailors, the only survivors, must have reached the continent; and, at last, how they implored the assistance of the whole world in this document, written in three languages, and abandoned to the caprices of the ocean.",ch000,0.044593,SUPPORT,run_20260112_111511,4,False
t_00089,6,6_c03,In search of the castaways,Jacques Paganel,Claim,ended in mutual respect.,MID,POS,0.8053830153532195,castaways_ch000_w0187,"[96, 210]","Lady Helena and Mary Grant, while the boat was approaching the ship, had experienced all the anguish of suspense.",ch000,0.403374,SUPPORT,run_20260112_111511,2,False
t_00090,6,6_c03,In search of the castaways,Jacques Paganel,Claim,ended in mutual respect.,EARLY,POS,0.8020837131528944,castaways_ch000_w0046,"[0, 103]","there you will find a vessel to take you back to Europe."" ""I thank you, my lord, and must be resigned.",ch000,0.099572,SUPPORT,run_20260112_111511,3,False
t_00091,6,6_c04,In search of the castaways,Jacques Paganel,Claim,an exchange of pocket-watches.,EARLY,POS,0.771401904758066,castaways_ch000_w0044,"[54, 205]","A gold medal is promised to that traveler who shall succeed in supplying this much-needed information on Indian geography."" Paganel was grandiloquent.",ch000,0.095267,SUPPORT,run_20260112_111511,6,False
t_00092,6,6_c04,In search of the castaways,Jacques Paganel,Claim,an exchange of pocket-watches.,MID,POS,0.8714596728542916,castaways_ch000_w0201,"[220, 315]","When the captain perceived the ladies, he approached and besought them to return to the cabin.",ch000,0.433518,SUPPORT,run_20260112_111511,1,True
t_00093,76,76_c01,In search of the castaways,Kai-Koumou,Claim,He carried a European pocket-watch taken from the French mate,LATE,POS,0.8183025016839085,castaways_ch000_w0381,"[0, 92]","were not more precious than yours!"" cried Kai-Koumou, whose eyes expressed a fierce regret.",ch000,0.819412,SUPPORT,run_20260112_111511,2,False
t_00094,76,76_c02,In search of the castaways,Kai-Koumou,Claim,his disgust for Christian objects.,LATE,POS,0.8232509247145691,castaways_ch000_w0381,"[0, 92]","were not more precious than yours!"" cried Kai-Koumou, whose eyes expressed a fierce regret.",ch000,0.819412,SUPPORT,run_20260112_111511,1,True
t_00095,17,17_c01,In search of the castaways,Jacques Paganel,Died,True,EARLY,POS,0.8633514633606861,castaways_ch000_w0022,"[388, 588]","Mary and Robert Grant were the only children of Captain Harry Grant, whose wife had died at the birth of Robert, and during his long voyages his children were left to the care of his good old cousin.",ch000,0.048788,NEUTRAL,run_20260112_111511,1,True
t_00096,10,10_c02,In search of the castaways,Jacques Paganel,Claim,after his notes were burned he vowed to 'measure every hidden truth with my own feet.'.,MID,POS,0.7668969740113049,castaways_ch000_w0169,"[51, 185]","Our situation is not, of course, so agreeable----"" ""What!"" cried Paganel, ""you complain of your lot?"" ""Certainly,"" replied Glenarvan.",ch000,0.364768,SUPPORT,run_20260112_111511,1,True
t_00097,62,62_c01,In search of the castaways,Thalcave,Claim,Loss turned him taciturn,EARLY,POS,0.815468063235283,castaways_ch000_w0104,"[47, 190]","In his capacity of guide, Thalcave must, therefore, have been astonished to see that not only he did not guide them, but that they guided him.",ch000,0.223943,SUPPORT,run_20260112_111511,3,False
t_00098,62,62_c01,In search of the castaways,Thalcave,Claim,Loss turned him taciturn,EARLY,POS,0.8727118327977852,castaways_ch000_w0123,"[63, 126]","""No,"" replied Thalcave, ""aguaras."" Robert looked at Glenarvan.",ch000,0.264828,SUPPORT,run_20260112_111511,1,True
t_00099,62,62_c01,In search of the castaways,Thalcave,Claim,Loss turned him taciturn,LATE,POS,0.7879029299756066,castaways_ch000_w0435,"[0, 101]","I do not hesitate to tell you that I know little concerning Harry Grant."" ""Little!"" cried Glenarvan.",ch000,0.935303,SUPPORT,run_20260112_111511,4,False
t_00100,62,62_c01,In search of the castaways,Thalcave,Claim,Loss turned him taciturn,EARLY,POS,0.8355968352046437,castaways_ch000_w0087,"[0, 78]",the Argentine plains and were already silvering the waves of the other ocean.,ch000,0.187146,SUPPORT,run_20260112_111511,2,False
t_00101,36,36_c01,In search of the castaways,Tom Ayrton/Ben Joyce,Claim,the Bible-quoting habit he had picked up as a mission pupil became a mask for his emotions.,MID,POS,0.7995395428565666,castaways_ch000_w0298,"[349, 488]","Here is a mystery that the future will explain."" ""The police do not even know the identity of Ayrton and Ben Joyce,"" said Captain Mangles.",ch000,0.642586,SUPPORT,run_20260112_111511,1,True
t_00102,73,73_c01,In search of the castaways,Kai-Koumou,Claim,Finding missionaries wrapping opium in Bible pages,LATE,POS,0.8065634344372876,castaways_ch000_w0381,"[0, 92]","were not more precious than yours!"" cried Kai-Koumou, whose eyes expressed a fierce regret.",ch000,0.819412,SUPPORT,run_20260112_111511,1,True
t_00103,98,98_c01,The Count of Monte Cristo,Noirtier,Claim,Hidden Waterloo-era diplomatic letters in his study ensured that political foes dared not silence him,LATE,POS,0.7790874599053775,montecristo_ch000_w1342,"[657, 886]","Noirtier, who caused himself to be carried to his granddaughter’s room, and watched her with his paternal tenderness; Villefort also, on his return from the law courts, frequently passed an hour or two with his father and child.",ch000,0.860391,SUPPORT,run_20260112_111511,2,False
t_00104,98,98_c01,The Count of Monte Cristo,Noirtier,Claim,Hidden Waterloo-era diplomatic letters in his study ensured that political foes dared not silence him,EARLY,POS,0.8378858029065765,montecristo_ch000_w0078,"[0, 11]",eloquence.,ch000,0.050544,SUPPORT,run_20260112_111511,1,True
t_00105,25,25_c01,In search of the castaways,Jacques Paganel,Claim,On the eve of sailing aboard Duncan he met ex-General von Wallace.,EARLY,POS,0.7952738441944267,castaways_ch000_w0043,"[105, 450]","Feeling fatigued by thirty hours of travel, and knowing that a good way to avoid sea-sickness is to go to bed on embarking, and not stir from your bunk for the first days of the voyage, I retired immediately, and have conscientiously slept thirty-six hours, I assure you."" Jacques Paganel's hearers now knew the reason of his presence on board.",ch000,0.093142,SUPPORT,run_20260112_111511,1,True
t_00106,120,120_c02,The Count of Monte Cristo,Faria,Claim,was transferred to the more secure Château d'If for the trouble.,EARLY,POS,0.8114272891283036,montecristo_ch000_w0241,"[923, 1312]","Often in prison Faria had said to him, when he saw him idle and inactive: “Dantès, you must not give way to this listlessness; you will be drowned if you seek to escape, and your strength has not been properly exercised and prepared for exertion.” These words rang in Dantès’ ears, even beneath the waves; he hastened to cleave his way through them to see if he had not lost his strength.",ch000,0.154149,SUPPORT,run_20260112_111511,1,True
t_00107,57,57_c01,In search of the castaways,Thalcave,Died,True,EARLY,POS,0.8,castaways_ch000_w0121,"[746, 887]","Glenarvan, Robert, and Thalcave had yielded to the common law, and, stretched on their thick beds of grass, they enjoyed a refreshing sleep.",ch000,0.260441,NEUTRAL,run_20260112_111511,1,True
t_00108,57,57_c02,In search of the castaways,Thalcave,Claim,a banished Jesuit,EARLY,POS,0.7979869340658189,castaways_ch000_w0106,"[0, 67]","be accomplished then!"" replied Thalcave, with a certain solemnity.",ch000,0.228343,SUPPORT,run_20260112_111511,2,False
t_00109,57,57_c02,In search of the castaways,Thalcave,Claim,a banished Jesuit,EARLY,POS,0.8292450627354837,castaways_ch000_w0093,"[865, 875]",THALCAVE.,ch000,0.199861,SUPPORT,run_20260112_111511,1,True
t_00110,106,106_c01,The Count of Monte Cristo,Noirtier,Claim,At a society meeting he met Fernand.,EARLY,POS,0.7796204897100877,montecristo_ch000_w0074,"[0, 128]","interfere, unless he acted with the greatest prudence, with his own career, Gérard de Villefort was as happy as a man could be.",ch000,0.047908,SUPPORT,run_20260112_111511,5,False
t_00111,106,106_c02,The Count of Monte Cristo,Noirtier,Claim,though on opposite sides they used each other.,LATE,POS,0.8376176762215707,montecristo_ch000_w1154,"[0, 229]","As the last stroke died away, the count thought he heard a slight noise in the dressing-room; this first sound, or rather this first grinding, was followed by a second, then a third; at the fourth, the count knew what to expect.",ch000,0.739085,SUPPORT,run_20260112_111511,1,True
t_00112,106,106_c02,The Count of Monte Cristo,Noirtier,Claim,though on opposite sides they used each other.,MID,POS,0.8075273678048616,montecristo_ch000_w0704,"[0, 35]",Villefort involuntarily shuddered.,ch000,0.449968,SUPPORT,run_20260112_111511,2,False
t_00113,106,106_c02,The Count of Monte Cristo,Noirtier,Claim,though on opposite sides they used each other.,MID,POS,0.7706784729520536,montecristo_ch000_w0837,"[1398, 1652]","Noirtier de Villefort We will now relate what was passing in the house of the king’s attorney after the departure of Madame Danglars and her daughter, and during the time of the conversation between Maximilian and Valentine, which we have just detailed.",ch000,0.535324,SUPPORT,run_20260112_111511,6,False
t_00114,106,106_c03,The Count of Monte Cristo,Noirtier,Claim,Noirtier exploiting Fernand's military information.,EARLY,POS,0.789556524299488,montecristo_ch000_w0060,"[0, 23]",strikingly dissimilar.,ch000,0.038678,SUPPORT,run_20260112_111511,3,False
t_00115,106,106_c03,The Count of Monte Cristo,Noirtier,Claim,Noirtier exploiting Fernand's military information.,EARLY,POS,0.7892835623790363,montecristo_ch000_w0078,"[0, 11]",eloquence.,ch000,0.050544,SUPPORT,run_20260112_111511,4,False
t_00116,118,118_c02,The Count of Monte Cristo,Faria,Claim,the real motive was that his code-breaking threatened a cardinal's secret correspondence.,EARLY,POS,0.8168597429115217,montecristo_ch000_w0221,"[200, 331]","Dantès drew a plan of the island for Faria, and Faria gave Dantès advice as to the means he should employ to recover the treasure.",ch000,0.141646,SUPPORT,run_20260112_111511,1,True
t_00117,40,40_c01,In search of the castaways,Tom Ayrton/Ben Joyce,Died,True,MID,POS,0.7931606105349447,castaways_ch000_w0298,"[349, 488]","Here is a mystery that the future will explain."" ""The police do not even know the identity of Ayrton and Ben Joyce,"" said Captain Mangles.",ch000,0.642586,SUPPORT,run_20260112_111511,6,False
t_00118,40,40_c01,In search of the castaways,Tom Ayrton/Ben Joyce,Died,True,MID,POS,0.8,castaways_ch000_w0296,"[133, 325]","Before beginning his story, he informed Lady Helena of the escape of a band of convicts from Perth, their appearance in the province of Victoria, and their complicity in the railway disaster.",ch000,0.638294,NEUTRAL,run_20260112_111511,1,True
t_00119,40,40_c01,In search of the castaways,Tom Ayrton/Ben Joyce,Died,True,MID,POS,0.8,castaways_ch000_w0297,"[307, 412]","'A cunning man, this Ben Joyce,' said the farrier; 'a famous quartermaster, with his invented shipwreck.",ch000,0.640441,NEUTRAL,run_20260112_111511,2,False
t_00120,40,40_c01,In search of the castaways,Tom Ayrton/Ben Joyce,Died,True,LATE,POS,0.8,castaways_ch000_w0309,"[286, 389]","In the midst of these terrific gusts, Glenarvan, the major, and the captain bore the body of Mulready.",ch000,0.665961,NEUTRAL,run_20260112_111511,3,False
t_00121,40,40_c01,In search of the castaways,Tom Ayrton/Ben Joyce,Died,True,LATE,POS,0.8,castaways_ch000_w0312,"[383, 472]","When his eyes encountered Lady Helena and the young girl, they expressed a deep sadness.",ch000,0.67228,NEUTRAL,run_20260112_111511,4,False
t_00122,40,40_c01,In search of the castaways,Tom Ayrton/Ben Joyce,Died,True,LATE,POS,0.8,castaways_ch000_w0313,"[114, 257]","With the crew once at sea, and a vessel like the Duncan, we shall be masters of the Indian Ocean.' 'Hurrah for Ben Joyce!' cried the convicts.",ch000,0.67441,NEUTRAL,run_20260112_111511,5,False
t_00123,40,40_c02,In search of the castaways,Tom Ayrton/Ben Joyce,Claim,cultivating a 'save-yourself-first' instinct.,MID,POS,0.8202601603766718,castaways_ch000_w0298,"[349, 488]","Here is a mystery that the future will explain."" ""The police do not even know the identity of Ayrton and Ben Joyce,"" said Captain Mangles.",ch000,0.642586,SUPPORT,run_20260112_111511,1,True
t_00124,96,96_c02,The Count of Monte Cristo,Noirtier,Claim,after his own paralysis the method evolved into a blink-code.,LATE,POS,0.7850073262398195,montecristo_ch000_w1339,"[0, 143]","to yourself, ‘you, who pursue crime so vindictively, answer now, why are there unpunished crimes in your dwelling?’” The baroness became pale.",ch000,0.858447,SUPPORT,run_20260112_111511,1,True
t_00125,45,45_c03,In search of the castaways,Tom Ayrton/Ben Joyce,Claim,raised a stone marker beside the blaze to record his regret.,MID,POS,0.8087316599950833,castaways_ch000_w0298,"[349, 488]","Here is a mystery that the future will explain."" ""The police do not even know the identity of Ayrton and Ben Joyce,"" said Captain Mangles.",ch000,0.642586,SUPPORT,run_20260112_111511,1,True
t_00126,45,45_c03,In search of the castaways,Tom Ayrton/Ben Joyce,Claim,raised a stone marker beside the blaze to record his regret.,EARLY,POS,0.8035669961971507,castaways_ch000_w0020,"[61, 445]","Lady Helena related the story of the document, how that the Britannia had been lost on the shores of Patagonia; in what way, after the shipwreck, the captain and two sailors, the only survivors, must have reached the continent; and, at last, how they implored the assistance of the whole world in this document, written in three languages, and abandoned to the caprices of the ocean.",ch000,0.044593,SUPPORT,run_20260112_111511,2,False
t_00127,54,54_c01,In search of the castaways,Thalcave,Died,True,EARLY,POS,0.8676769008473139,castaways_ch000_w0126,"[1034, 1204]","Well done, Thalcave, my brave Patagonian!"" cried he, as the Indian killed with the butt of his gun two enormous beasts that were attempting to cross the glowing barrier.",ch000,0.271185,NEUTRAL,run_20260112_111511,1,True
t_00128,54,54_c02,In search of the castaways,Thalcave,Died,True,EARLY,POS,0.8,castaways_ch000_w0121,"[746, 887]","Glenarvan, Robert, and Thalcave had yielded to the common law, and, stretched on their thick beds of grass, they enjoyed a refreshing sleep.",ch000,0.260441,NEUTRAL,run_20260112_111511,3,False
t_00129,54,54_c02,In search of the castaways,Thalcave,Died,True,EARLY,POS,0.8077591870018324,castaways_ch000_w0107,"[141, 192]","""With the cazique Calfoucoura,"" answered Thalcave.",ch000,0.230501,SUPPORT,run_20260112_111511,2,False
t_00130,54,54_c03,In search of the castaways,Thalcave,Claim,When he burned her belongings he kept the brass compass she had given him.,MID,POS,0.8567294812919579,castaways_ch000_w0201,"[0, 220]","pulleys clashed against each other; the ropes creaked with a sharp sound in their rough sockets; the sails cracked like cannon, and vast waves rolled up to assail the yacht, as it lightly danced on their foaming crests.",ch000,0.433518,SUPPORT,run_20260112_111511,1,True
t_00131,32,32_c01,In search of the castaways,Tom Ayrton/Ben Joyce,Claim,During clashes between tribe.,MID,POS,0.8108648816038384,castaways_ch000_w0298,"[349, 488]","Here is a mystery that the future will explain."" ""The police do not even know the identity of Ayrton and Ben Joyce,"" said Captain Mangles.",ch000,0.642586,SUPPORT,run_20260112_111511,1,True
t_00132,32,32_c02,In search of the castaways,Tom Ayrton/Ben Joyce,Claim,settlers he steered both sides toward mutual ruin,MID,POS,0.8000748721346493,castaways_ch000_w0298,"[349, 488]","Here is a mystery that the future will explain."" ""The police do not even know the identity of Ayrton and Ben Joyce,"" said Captain Mangles.",ch000,0.642586,SUPPORT,run_20260112_111511,2,False
t_00133,14,14_c01,In search of the castaways,Jacques Paganel,Claim,Mutual recognition with Major McNabbs.,EARLY,POS,0.7939954647517011,castaways_ch000_w0044,"[54, 205]","A gold medal is promised to that traveler who shall succeed in supplying this much-needed information on Indian geography."" Paganel was grandiloquent.",ch000,0.095267,SUPPORT,run_20260112_111511,4,False
t_00134,14,14_c01,In search of the castaways,Jacques Paganel,Claim,Mutual recognition with Major McNabbs.,MID,POS,0.7833773195990468,castaways_ch000_w0187,"[96, 210]","Lady Helena and Mary Grant, while the boat was approaching the ship, had experienced all the anguish of suspense.",ch000,0.403374,SUPPORT,run_20260112_111511,5,False
t_00135,14,14_c01,In search of the castaways,Jacques Paganel,Claim,Mutual recognition with Major McNabbs.,MID,POS,0.8185757139500758,castaways_ch000_w0197,"[215, 712]","Captain Mangles found the temperature of their waters to be 166° Fahrenheit; and, inasmuch as this was sufficient to cook fish, Paganel decided that it was not necessary for him to bathe here ""geographically."" When they resumed their course, though many miles were before them, there was a growing sense of anticipation; they were not to pause again until the ""Australian continent"" was reached; and more and more did the conversation and discussions tend towards this continent as their subject.",ch000,0.425057,SUPPORT,run_20260112_111511,1,True
t_00136,14,14_c01,In search of the castaways,Jacques Paganel,Claim,Mutual recognition with Major McNabbs.,EARLY,POS,0.7777378975235526,castaways_ch000_w0045,"[68, 223]","[Sidenote: ABSENT-MINDEDNESS.] ""On the whole, I am not astonished at this on the part of Jacques Paganel,"" said Glenarvan; ""he is noted for such blunders.",ch000,0.097423,SUPPORT,run_20260112_111511,6,False
t_00137,14,14_c02,In search of the castaways,Jacques Paganel,Claim,both had lived among the Charrúa.,EARLY,POS,0.795700229422876,castaways_ch000_w0020,"[61, 445]","Lady Helena related the story of the document, how that the Britannia had been lost on the shores of Patagonia; in what way, after the shipwreck, the captain and two sailors, the only survivors, must have reached the continent; and, at last, how they implored the assistance of the whole world in this document, written in three languages, and abandoned to the caprices of the ocean.",ch000,0.044593,SUPPORT,run_20260112_111511,3,False
t_00138,14,14_c03,In search of the castaways,Jacques Paganel,Claim,confirmed their identities by exchanging certain hand signs.,LATE,POS,0.8119088175170479,castaways_ch000_w0451,"[240, 319]","As for Paganel, he wept like a child who does not think of hiding his emotion.",ch000,0.969306,SUPPORT,run_20260112_111511,2,False
t_00139,63,63_c01,In search of the castaways,Thalcave,Claim,With the rescue squad he learned enough nautical English to converse with Captain Horace.,MID,POS,0.8492021839859716,castaways_ch000_w0199,"[0, 46]",much disturbed at the subsidence of the wind.,ch000,0.429349,SUPPORT,run_20260112_111511,1,True
t_00140,63,63_c01,In search of the castaways,Thalcave,Claim,With the rescue squad he learned enough nautical English to converse with Captain Horace.,EARLY,POS,0.8030914021563713,castaways_ch000_w0107,"[141, 192]","""With the cazique Calfoucoura,"" answered Thalcave.",ch000,0.230501,SUPPORT,run_20260112_111511,2,False
t_00141,41,41_c01,In search of the castaways,Tom Ayrton/Ben Joyce,Claim,In Lisbon he unwittingly helped a black-marketeer dodge duty,MID,POS,0.8091728304787646,castaways_ch000_w0298,"[349, 488]","Here is a mystery that the future will explain."" ""The police do not even know the identity of Ayrton and Ben Joyce,"" said Captain Mangles.",ch000,0.642586,SUPPORT,run_20260112_111511,1,True
t_00142,41,41_c02,In search of the castaways,Tom Ayrton/Ben Joyce,Claim,,MID,POS,0.803780954360962,castaways_ch000_w0298,"[349, 488]","Here is a mystery that the future will explain."" ""The police do not even know the identity of Ayrton and Ben Joyce,"" said Captain Mangles.",ch000,0.642586,SUPPORT,run_20260112_111511,2,False
t_00143,23,23_c01,In search of the castaways,Jacques Paganel,Died,True,EARLY,POS,0.8050553850931284,castaways_ch000_w0022,"[388, 588]","Mary and Robert Grant were the only children of Captain Harry Grant, whose wife had died at the birth of Robert, and during his long voyages his children were left to the care of his good old cousin.",ch000,0.048788,NEUTRAL,run_20260112_111511,1,True
t_00144,23,23_c01,In search of the castaways,Jacques Paganel,Died,True,EARLY,POS,0.7948831409939193,castaways_ch000_w0020,"[61, 445]","Lady Helena related the story of the document, how that the Britannia had been lost on the shores of Patagonia; in what way, after the shipwreck, the captain and two sailors, the only survivors, must have reached the continent; and, at last, how they implored the assistance of the whole world in this document, written in three languages, and abandoned to the caprices of the ocean.",ch000,0.044593,SUPPORT,run_20260112_111511,2,False
t_00145,90,90_c01,The Count of Monte Cristo,Noirtier,Claim,To obtain royalist intelligence from the Vendée he married Éloïse,MID,POS,0.8644463648033868,montecristo_ch000_w0687,"[0, 68]","me so much?” “You have rightly guessed, madame,” replied the count.",ch000,0.439032,SUPPORT,run_20260112_111511,1,True
t_00146,90,90_c02,The Count of Monte Cristo,Noirtier,Claim,when he learned she secretly backed the Chouans he arranged her 'accidental' drowning.,MID,POS,0.815609950480993,montecristo_ch000_w0839,"[893, 1053]","Valentine, by means of her love, her patience, and her devotion, had learned to read in Noirtier’s look all the varied feelings which were passing in his mind.",ch000,0.536632,SUPPORT,run_20260112_111511,2,False
t_00147,100,100_c02,The Count of Monte Cristo,Noirtier,Claim,Rousseau,LATE,POS,0.8092209832108719,montecristo_ch000_w1519,"[0, 5]",117.,ch000,0.974878,SUPPORT,run_20260112_111511,1,True
t_00148,138,138_c01,The Count of Monte Cristo,Faria,Claim,Long political warfare severed him from his family.,EARLY,POS,0.8425137024483913,montecristo_ch000_w0060,"[0, 23]",strikingly dissimilar.,ch000,0.038678,SUPPORT,run_20260112_111511,1,True
t_00149,138,138_c03,The Count of Monte Cristo,Faria,Claim,could offer no help.,EARLY,POS,0.8372072117850745,montecristo_ch000_w0204,"[625, 1022]","“Then I shall also remain.” Then, rising and extending his hand with an air of solemnity over the old man’s head, he slowly added, “By the blood of Christ I swear never to leave you while you live.” Faria gazed fondly on his noble-minded, single-hearted, high-principled young friend, and read in his countenance ample confirmation of the sincerity of his devotion and the loyalty of his purpose.",ch000,0.130871,SUPPORT,run_20260112_111511,2,False
t_00150,48,48_c01,In search of the castaways,Thalcave,Claim,Passing as a half-caste gaucho he worked on a ranch,EARLY,POS,0.823018277252985,castaways_ch000_w0150,"[420, 497]","the flood!"" replied Thalcave, spurring his horse towards the north.] ""Quick!",ch000,0.323606,SUPPORT,run_20260112_111511,1,True
t_00151,48,48_c01,In search of the castaways,Thalcave,Claim,Passing as a half-caste gaucho he worked on a ranch,EARLY,POS,0.7934875262829529,castaways_ch000_w0100,"[425, 499]",At eight o'clock the next morning Thalcave gave the signal for departure.,ch000,0.215192,SUPPORT,run_20260112_111511,3,False
t_00152,48,48_c02,In search of the castaways,Thalcave,Claim,the settlers' rules,EARLY,POS,0.7975780841682112,castaways_ch000_w0149,"[797, 879]","Thalcave, whom his antics could not unseat, managed his steed without difficulty.",ch000,0.321502,SUPPORT,run_20260112_111511,2,False
t_00153,136,136_c02,The Count of Monte Cristo,Faria,Claim,sending chapters out by secret courier.,EARLY,POS,0.8106987575968351,montecristo_ch000_w0221,"[200, 331]","Dantès drew a plan of the island for Faria, and Faria gave Dantès advice as to the means he should employ to recover the treasure.",ch000,0.141646,SUPPORT,run_20260112_111511,1,True
t_00154,59,59_c01,In search of the castaways,Thalcave,Claim,Posing as a relay-station hand,EARLY,POS,0.8121475266213162,castaways_ch000_w0107,"[141, 192]","""With the cazique Calfoucoura,"" answered Thalcave.",ch000,0.230501,SUPPORT,run_20260112_111511,2,False
t_00155,59,59_c02,In search of the castaways,Thalcave,Died,True,EARLY,POS,0.8225077874660492,castaways_ch000_w0126,"[1034, 1204]","Well done, Thalcave, my brave Patagonian!"" cried he, as the Indian killed with the butt of his gun two enormous beasts that were attempting to cross the glowing barrier.",ch000,0.271185,NEUTRAL,run_20260112_111511,1,True
t_00156,59,59_c02,In search of the castaways,Thalcave,Claim,stayed alive with rope-climbing.,LATE,POS,0.8695245597402318,castaways_ch000_w0391,"[0, 22]",not a moment to lose.,ch000,0.840411,SUPPORT,run_20260112_111511,1,True
t_00157,59,59_c02,In search of the castaways,Thalcave,Claim,stayed alive with rope-climbing.,LATE,POS,0.7989172836708041,castaways_ch000_w0392,"[0, 104]","bottom, three shakes at the rope will be the signal to follow them."" ""I will go first,"" replied Robert.",ch000,0.842521,SUPPORT,run_20260112_111511,3,False
t_00158,60,60_c02,In search of the castaways,Thalcave,Claim,Thalcave led a night dig that saved eight survivors,EARLY,POS,0.8378414901021587,castaways_ch000_w0151,"[1495, 1638]","""Yes, yonder!"" replied Thalcave, and he pointed northward to a kind of gigantic walnut-tree, which rose solitary from the midst of the waters.",ch000,0.325802,SUPPORT,run_20260112_111511,1,True
t_00159,27,27_c01,In search of the castaways,Tom Ayrton/Ben Joyce,Claim,At twelve he ran away to the docks,MID,POS,0.7830614968161164,castaways_ch000_w0298,"[349, 488]","Here is a mystery that the future will explain."" ""The police do not even know the identity of Ayrton and Ben Joyce,"" said Captain Mangles.",ch000,0.642586,SUPPORT,run_20260112_111511,1,True
t_00160,42,42_c01,In search of the castaways,Tom Ayrton/Ben Joyce,Claim,He accepted a lucrative berth on the British merchant Britannia.,MID,POS,0.8088388142270609,castaways_ch000_w0298,"[349, 488]","Here is a mystery that the future will explain."" ""The police do not even know the identity of Ayrton and Ben Joyce,"" said Captain Mangles.",ch000,0.642586,SUPPORT,run_20260112_111511,2,False
t_00161,42,42_c02,In search of the castaways,Tom Ayrton/Ben Joyce,Claim,first mate Fletcher valued his experience.,MID,POS,0.805604502067282,castaways_ch000_w0298,"[349, 488]","Here is a mystery that the future will explain."" ""The police do not even know the identity of Ayrton and Ben Joyce,"" said Captain Mangles.",ch000,0.642586,SUPPORT,run_20260112_111511,3,False
t_00162,42,42_c03,In search of the castaways,Tom Ayrton/Ben Joyce,Claim,warned others about his 'unstable record.'.,MID,POS,0.8093121060461717,castaways_ch000_w0298,"[349, 488]","Here is a mystery that the future will explain."" ""The police do not even know the identity of Ayrton and Ben Joyce,"" said Captain Mangles.",ch000,0.642586,SUPPORT,run_20260112_111511,1,True
t_00163,42,42_c03,In search of the castaways,Tom Ayrton/Ben Joyce,Claim,warned others about his 'unstable record.'.,EARLY,POS,0.7852847122642209,castaways_ch000_w0020,"[61, 445]","Lady Helena related the story of the document, how that the Britannia had been lost on the shores of Patagonia; in what way, after the shipwreck, the captain and two sailors, the only survivors, must have reached the continent; and, at last, how they implored the assistance of the whole world in this document, written in three languages, and abandoned to the caprices of the ocean.",ch000,0.044593,SUPPORT,run_20260112_111511,4,False
t_00164,56,56_c01,In search of the castaways,Thalcave,Claim,After predicting an earthquake.,EARLY,POS,0.8779629601633792,castaways_ch000_w0085,"[0, 85]","A mass, several miles in extent, became detached entire, and slid towards the plain.",ch000,0.182883,SUPPORT,run_20260112_111511,1,True
t_00165,56,56_c01,In search of the castaways,Thalcave,Claim,After predicting an earthquake.,EARLY,POS,0.8389389677520191,castaways_ch000_w0084,"[0, 71]",the external sounds so difficult to explain on these solitary summits.,ch000,0.180782,SUPPORT,run_20260112_111511,2,False
t_00166,56,56_c02,In search of the castaways,Thalcave,Claim,saving the entire party he declined payment,EARLY,POS,0.7946200283613727,castaways_ch000_w0106,"[0, 67]","be accomplished then!"" replied Thalcave, with a certain solemnity.",ch000,0.228343,SUPPORT,run_20260112_111511,3,False
t_00167,56,56_c02,In search of the castaways,Thalcave,Claim,saving the entire party he declined payment,EARLY,POS,0.7939802524488587,castaways_ch000_w0140,"[615, 838]","""Well?"" ""Why, all the Indians of the north are in the rear of General Flores, and those of the plains are plundering."" ""But the caziques?"" ""The caziques with them."" This answer was reported to Thalcave, who shook his head.",ch000,0.301878,SUPPORT,run_20260112_111511,4,False
t_00168,56,56_c02,In search of the castaways,Thalcave,Died,True,EARLY,POS,0.8279931003015913,castaways_ch000_w0126,"[1034, 1204]","Well done, Thalcave, my brave Patagonian!"" cried he, as the Indian killed with the butt of his gun two enormous beasts that were attempting to cross the glowing barrier.",ch000,0.271185,NEUTRAL,run_20260112_111511,1,True
t_00169,80,80_c01,In search of the castaways,Kai-Koumou,Claim,At ten he began learning tactics,LATE,POS,0.8001020970618054,castaways_ch000_w0381,"[0, 92]","were not more precious than yours!"" cried Kai-Koumou, whose eyes expressed a fierce regret.",ch000,0.819412,SUPPORT,run_20260112_111511,5,False
t_00170,80,80_c02,In search of the castaways,Kai-Koumou,Claim,jungle tracking from his father.,LATE,POS,0.8355384107993216,castaways_ch000_w0381,"[0, 92]","were not more precious than yours!"" cried Kai-Koumou, whose eyes expressed a fierce regret.",ch000,0.819412,SUPPORT,run_20260112_111511,1,True
t_00171,80,80_c03,In search of the castaways,Kai-Koumou,Claim,at twelve he pinned a sounder of wild boar with one spear.,LATE,POS,0.8123486636699118,castaways_ch000_w0381,"[0, 92]","were not more precious than yours!"" cried Kai-Koumou, whose eyes expressed a fierce regret.",ch000,0.819412,SUPPORT,run_20260112_111511,4,False
t_00172,80,80_c04,In search of the castaways,Kai-Koumou,Claim,was proclaimed 'Junior Champion.'.,LATE,POS,0.8291945810516569,castaways_ch000_w0381,"[0, 92]","were not more precious than yours!"" cried Kai-Koumou, whose eyes expressed a fierce regret.",ch000,0.819412,SUPPORT,run_20260112_111511,2,False
t_00173,80,80_c06,In search of the castaways,Kai-Koumou,Claim,the paramount chief made the boy a 'Junior Warrior' charged with patrolling the island.,LATE,POS,0.8262266654822277,castaways_ch000_w0381,"[0, 92]","were not more precious than yours!"" cried Kai-Koumou, whose eyes expressed a fierce regret.",ch000,0.819412,SUPPORT,run_20260112_111511,3,False
t_00174,28,28_c01,In search of the castaways,Tom Ayrton/Ben Joyce,Claim,The mate of the merchant Emerald Bird took him on.,MID,POS,0.8001427908313199,castaways_ch000_w0298,"[349, 488]","Here is a mystery that the future will explain."" ""The police do not even know the identity of Ayrton and Ben Joyce,"" said Captain Mangles.",ch000,0.642586,SUPPORT,run_20260112_111511,5,False
t_00175,28,28_c02,In search of the castaways,Tom Ayrton/Ben Joyce,Claim,off the Cape the captain pocketed the cargo-insurance money.,MID,POS,0.8076731933768853,castaways_ch000_w0298,"[349, 488]","Here is a mystery that the future will explain."" ""The police do not even know the identity of Ayrton and Ben Joyce,"" said Captain Mangles.",ch000,0.642586,SUPPORT,run_20260112_111511,3,False
t_00176,28,28_c03,In search of the castaways,Tom Ayrton/Ben Joyce,Claim,framed the mate,MID,POS,0.8021653333928188,castaways_ch000_w0298,"[349, 488]","Here is a mystery that the future will explain."" ""The police do not even know the identity of Ayrton and Ben Joyce,"" said Captain Mangles.",ch000,0.642586,SUPPORT,run_20260112_111511,4,False
t_00177,28,28_c03,In search of the castaways,Tom Ayrton/Ben Joyce,Claim,framed the mate,MID,POS,0.8093949258518913,castaways_ch000_w0299,"[74, 127]",Captain Mangles first saw her pale and disconsolate.,ch000,0.64474,SUPPORT,run_20260112_111511,2,False
t_00178,28,28_c03,In search of the castaways,Tom Ayrton/Ben Joyce,Claim,framed the mate,LATE,POS,0.7956043223787131,castaways_ch000_w0421,"[537, 681]","These were spectres, not the bold and dashing travelers whom, three months before, hope had stimulated to a search for the shipwrecked captain.",ch000,0.905168,SUPPORT,run_20260112_111511,6,False
t_00179,28,28_c04,In search of the castaways,Tom Ayrton/Ben Joyce,Claim,first taste 'legalised plunder.'.,MID,POS,0.8122207833124584,castaways_ch000_w0298,"[349, 488]","Here is a mystery that the future will explain."" ""The police do not even know the identity of Ayrton and Ben Joyce,"" said Captain Mangles.",ch000,0.642586,SUPPORT,run_20260112_111511,1,True
t_00180,101,101_c02,The Count of Monte Cristo,Noirtier,Claim,back-room meetings for the revolutionary cause.,MID,POS,0.8211536946264717,montecristo_ch000_w0730,"[0, 147]","leaves me a gleam of hope, that if you did not expect me (and that indeed would be worse than vanity to suppose), at least I was in your thoughts.",ch000,0.466678,SUPPORT,run_20260112_111511,1,True
t_00181,91,91_c02,The Count of Monte Cristo,Noirtier,Claim,posing as a Ministry of Justice official.,EARLY,POS,0.8219228510556225,montecristo_ch000_w0060,"[0, 23]",strikingly dissimilar.,ch000,0.038678,SUPPORT,run_20260112_111511,1,True
t_00182,119,119_c01,The Count of Monte Cristo,Faria,Claim,First confined in Fenestrella Fortress,EARLY,POS,0.8147914093278713,montecristo_ch000_w0241,"[923, 1312]","Often in prison Faria had said to him, when he saw him idle and inactive: “Dantès, you must not give way to this listlessness; you will be drowned if you seek to escape, and your strength has not been properly exercised and prepared for exertion.” These words rang in Dantès’ ears, even beneath the waves; he hastened to cleave his way through them to see if he had not lost his strength.",ch000,0.154149,SUPPORT,run_20260112_111511,3,False
t_00183,119,119_c01,The Count of Monte Cristo,Faria,Claim,First confined in Fenestrella Fortress,EARLY,POS,0.8216490286796096,montecristo_ch000_w0169,"[1268, 1457]","“I am the Abbé Faria, and have been imprisoned as you know in this Château d’If since the year 1811; previously to which I had been confined for three years in the fortress of Fenestrelle.",ch000,0.108484,SUPPORT,run_20260112_111511,2,False
t_00184,119,119_c02,The Count of Monte Cristo,Faria,Claim,the warden later plagiarised the essay.,EARLY,POS,0.8229049735069276,montecristo_ch000_w0241,"[923, 1312]","Often in prison Faria had said to him, when he saw him idle and inactive: “Dantès, you must not give way to this listlessness; you will be drowned if you seek to escape, and your strength has not been properly exercised and prepared for exertion.” These words rang in Dantès’ ears, even beneath the waves; he hastened to cleave his way through them to see if he had not lost his strength.",ch000,0.154149,SUPPORT,run_20260112_111511,1,True
t_00185,72,72_c01,In search of the castaways,Kai-Koumou,Claim,He trained twelve English-speaking youths as spies,LATE,POS,0.7887526545659561,castaways_ch000_w0381,"[0, 92]","were not more precious than yours!"" cried Kai-Koumou, whose eyes expressed a fierce regret.",ch000,0.819412,SUPPORT,run_20260112_111511,2,False
t_00186,72,72_c02,In search of the castaways,Kai-Koumou,Claim,two became servants who secretly watched Glenarvan.,LATE,POS,0.8046948371033603,castaways_ch000_w0411,"[950, 1028]","Kai-Koumou came into the midst of his warriors, and Glenarvan recognized him.",ch000,0.883463,SUPPORT,run_20260112_111511,1,True
t_00187,30,30_c01,In search of the castaways,Tom Ayrton/Ben Joyce,Claim,He joined the Indian-Ocean pirate crew Black Tide.,MID,POS,0.8020545227222928,castaways_ch000_w0298,"[349, 488]","Here is a mystery that the future will explain."" ""The police do not even know the identity of Ayrton and Ben Joyce,"" said Captain Mangles.",ch000,0.642586,SUPPORT,run_20260112_111511,3,False
t_00188,30,30_c01,In search of the castaways,Tom Ayrton/Ben Joyce,Claim,He joined the Indian-Ocean pirate crew Black Tide.,MID,POS,0.7975825668062096,castaways_ch000_w0299,"[74, 127]",Captain Mangles first saw her pale and disconsolate.,ch000,0.64474,SUPPORT,run_20260112_111511,5,False
t_00189,30,30_c02,In search of the castaways,Tom Ayrton/Ben Joyce,Claim,,MID,POS,0.8039028581942637,castaways_ch000_w0298,"[349, 488]","Here is a mystery that the future will explain."" ""The police do not even know the identity of Ayrton and Ben Joyce,"" said Captain Mangles.",ch000,0.642586,SUPPORT,run_20260112_111511,2,False
t_00190,30,30_c02,In search of the castaways,Tom Ayrton/Ben Joyce,Claim,,MID,POS,0.8001613555318097,castaways_ch000_w0299,"[74, 127]",Captain Mangles first saw her pale and disconsolate.,ch000,0.64474,SUPPORT,run_20260112_111511,4,False
t_00191,30,30_c03,In search of the castaways,Tom Ayrton/Ben Joyce,Claim,looting an East-Indiaman he found among the prisoners the colonial officer who had framed his father.,MID,POS,0.8117768306346023,castaways_ch000_w0298,"[349, 488]","Here is a mystery that the future will explain."" ""The police do not even know the identity of Ayrton and Ben Joyce,"" said Captain Mangles.",ch000,0.642586,SUPPORT,run_20260112_111511,1,True
t_00192,30,30_c04,In search of the castaways,Tom Ayrton/Ben Joyce,Claim,personally cut the man's throat,MID,POS,0.7785190921588163,castaways_ch000_w0298,"[349, 488]","Here is a mystery that the future will explain."" ""The police do not even know the identity of Ayrton and Ben Joyce,"" said Captain Mangles.",ch000,0.642586,SUPPORT,run_20260112_111511,6,False
t_00193,97,97_c02,The Count of Monte Cristo,Noirtier,Claim,Book II of the original novel.,EARLY,POS,0.8007221052165163,montecristo_ch000_w0169,"[0, 19]","length, “it is so.",ch000,0.108484,SUPPORT,run_20260112_111511,1,True
t_00194,22,22_c03,In search of the castaways,Jacques Paganel,Claim,came into possession of Spanish-American rebel correspondence that sharpened his knowledge of Southern-Hemisphere geography.,EARLY,POS,0.8286606085078942,castaways_ch000_w0043,"[105, 450]","Feeling fatigued by thirty hours of travel, and knowing that a good way to avoid sea-sickness is to go to bed on embarking, and not stir from your bunk for the first days of the voyage, I retired immediately, and have conscientiously slept thirty-six hours, I assure you."" Jacques Paganel's hearers now knew the reason of his presence on board.",ch000,0.093142,SUPPORT,run_20260112_111511,1,True
t_00195,53,53_c01,In search of the castaways,Thalcave,Claim,gentling Thaouka they plunged off a cliff.,EARLY,POS,0.8007562501867708,castaways_ch000_w0149,"[797, 879]","Thalcave, whom his antics could not unseat, managed his steed without difficulty.",ch000,0.321502,SUPPORT,run_20260112_111511,4,False
t_00196,53,53_c01,In search of the castaways,Thalcave,Claim,gentling Thaouka they plunged off a cliff.,EARLY,POS,0.8088734366162309,castaways_ch000_w0150,"[420, 497]","the flood!"" replied Thalcave, spurring his horse towards the north.] ""Quick!",ch000,0.323606,SUPPORT,run_20260112_111511,2,False
t_00197,53,53_c02,In search of the castaways,Thalcave,Claim,badly hurt,MID,POS,0.8007934968237956,castaways_ch000_w0256,"[0, 145]","virgin forest barricaded with fallen trunks and entangled with inextricable parasites, where only axe and fire can clear a way for the pioneers.",ch000,0.551881,SUPPORT,run_20260112_111511,3,False
t_00198,53,53_c03,In search of the castaways,Thalcave,Claim,survived,EARLY,POS,0.8710284493367019,castaways_ch000_w0123,"[63, 126]","""No,"" replied Thalcave, ""aguaras."" Robert looked at Glenarvan.",ch000,0.264828,SUPPORT,run_20260112_111511,1,True
t_00199,58,58_c02,In search of the castaways,Thalcave,Claim,French,EARLY,POS,0.8200156890110282,castaways_ch000_w0107,"[141, 192]","""With the cazique Calfoucoura,"" answered Thalcave.",ch000,0.230501,SUPPORT,run_20260112_111511,2,False
t_00200,58,58_c02,In search of the castaways,Thalcave,Died,True,EARLY,POS,0.8110149868807898,castaways_ch000_w0126,"[1034, 1204]","Well done, Thalcave, my brave Patagonian!"" cried he, as the Indian killed with the butt of his gun two enormous beasts that were attempting to cross the glowing barrier.",ch000,0.271185,NEUTRAL,run_20260112_111511,1,True
t_00201,58,58_c03,In search of the castaways,Thalcave,Claim,the arithmetic of navigation.,EARLY,POS,0.8727452236946038,castaways_ch000_w0150,"[420, 497]","the flood!"" replied Thalcave, spurring his horse towards the north.] ""Quick!",ch000,0.323606,SUPPORT,run_20260112_111511,1,True
t_00202,58,58_c03,In search of the castaways,Thalcave,Claim,the arithmetic of navigation.,EARLY,POS,0.7940598283753437,castaways_ch000_w0106,"[0, 67]","be accomplished then!"" replied Thalcave, with a certain solemnity.",ch000,0.228343,SUPPORT,run_20260112_111511,4,False
t_00203,58,58_c03,In search of the castaways,Thalcave,Claim,the arithmetic of navigation.,EARLY,POS,0.7956056514155057,castaways_ch000_w0117,"[215, 387]","Thalcave said nothing, but probably thought that if the Guamini was dry it would then be time to despair, if indeed an Indian's heart has ever experienced such an emotion.",ch000,0.251984,SUPPORT,run_20260112_111511,3,False
t_00204,81,81_c01,In search of the castaways,Kai-Koumou,Claim,When he was fourteen a whaling crew coveted the island's spring.,LATE,POS,0.819494207854421,castaways_ch000_w0381,"[0, 92]","were not more precious than yours!"" cried Kai-Koumou, whose eyes expressed a fierce regret.",ch000,0.819412,SUPPORT,run_20260112_111511,2,False
t_00205,81,81_c02,In search of the castaways,Kai-Koumou,Claim,set fire to threaten the village.,LATE,POS,0.7927343569504481,castaways_ch000_w0381,"[0, 92]","were not more precious than yours!"" cried Kai-Koumou, whose eyes expressed a fierce regret.",ch000,0.819412,SUPPORT,run_20260112_111511,3,False
t_00206,81,81_c03,In search of the castaways,Kai-Koumou,Claim,as squad leader he slipped aboard at night,LATE,POS,0.8215218878974331,castaways_ch000_w0381,"[0, 92]","were not more precious than yours!"" cried Kai-Koumou, whose eyes expressed a fierce regret.",ch000,0.819412,SUPPORT,run_20260112_111511,1,True
t_00207,47,47_c01,In search of the castaways,Thalcave,Died,True,EARLY,POS,0.855854301571846,castaways_ch000_w0126,"[1034, 1204]","Well done, Thalcave, my brave Patagonian!"" cried he, as the Indian killed with the butt of his gun two enormous beasts that were attempting to cross the glowing barrier.",ch000,0.271185,NEUTRAL,run_20260112_111511,1,True
t_00208,47,47_c01,In search of the castaways,Thalcave,Died,True,EARLY,POS,0.8,castaways_ch000_w0126,"[0, 197]","longer use our guns."" Already Thalcave had set the example, and when a wolf approached the fire, the long knife of the Patagonian was thrust through the flames and drawn back again red with blood.",ch000,0.271185,NEUTRAL,run_20260112_111511,2,False
t_00209,47,47_c01,In search of the castaways,Thalcave,Died,True,LATE,POS,0.7984239587322239,castaways_ch000_w0445,"[0, 17]",in his devotion.,ch000,0.956713,SUPPORT,run_20260112_111511,3,False
t_00210,47,47_c02,In search of the castaways,Thalcave,Claim,the thirteen-year-old fled alone,EARLY,POS,0.7878365995287896,castaways_ch000_w0150,"[420, 497]","the flood!"" replied Thalcave, spurring his horse towards the north.] ""Quick!",ch000,0.323606,SUPPORT,run_20260112_111511,4,False
t_00211,47,47_c02,In search of the castaways,Thalcave,Claim,the thirteen-year-old fled alone,EARLY,POS,0.8253972779112164,castaways_ch000_w0149,"[797, 879]","Thalcave, whom his antics could not unseat, managed his steed without difficulty.",ch000,0.321502,SUPPORT,run_20260112_111511,3,False
t_00212,47,47_c02,In search of the castaways,Thalcave,Claim,the thirteen-year-old fled alone,EARLY,POS,0.8607207820816111,castaways_ch000_w0123,"[63, 126]","""No,"" replied Thalcave, ""aguaras."" Robert looked at Glenarvan.",ch000,0.264828,SUPPORT,run_20260112_111511,1,True
t_00213,47,47_c02,In search of the castaways,Thalcave,Claim,the thirteen-year-old fled alone,EARLY,POS,0.8501577148132491,castaways_ch000_w0151,"[1495, 1638]","""Yes, yonder!"" replied Thalcave, and he pointed northward to a kind of gigantic walnut-tree, which rose solitary from the midst of the waters.",ch000,0.325802,SUPPORT,run_20260112_111511,2,False
t_00214,121,121_c01,The Count of Monte Cristo,Faria,Claim,Aboard the prison transport he met Edmond Dantès' father,EARLY,POS,0.8138749455213548,montecristo_ch000_w0241,"[923, 1312]","Often in prison Faria had said to him, when he saw him idle and inactive: “Dantès, you must not give way to this listlessness; you will be drowned if you seek to escape, and your strength has not been properly exercised and prepared for exertion.” These words rang in Dantès’ ears, even beneath the waves; he hastened to cleave his way through them to see if he had not lost his strength.",ch000,0.154149,SUPPORT,run_20260112_111511,2,False
t_00215,121,121_c02,The Count of Monte Cristo,Faria,Claim,thus gained the first thread that later let him recognise the young sailor.,EARLY,POS,0.8400803544631952,montecristo_ch000_w0241,"[923, 1312]","Often in prison Faria had said to him, when he saw him idle and inactive: “Dantès, you must not give way to this listlessness; you will be drowned if you seek to escape, and your strength has not been properly exercised and prepared for exertion.” These words rang in Dantès’ ears, even beneath the waves; he hastened to cleave his way through them to see if he had not lost his strength.",ch000,0.154149,SUPPORT,run_20260112_111511,1,True
t_00216,51,51_c01,In search of the castaways,Thalcave,Died,True,EARLY,POS,0.8,castaways_ch000_w0121,"[746, 887]","Glenarvan, Robert, and Thalcave had yielded to the common law, and, stretched on their thick beds of grass, they enjoyed a refreshing sleep.",ch000,0.260441,NEUTRAL,run_20260112_111511,2,False
t_00217,51,51_c01,In search of the castaways,Thalcave,Died,True,MID,POS,0.824178824927998,castaways_ch000_w0255,"[0, 6]",thus.,ch000,0.549732,SUPPORT,run_20260112_111511,1,True
t_00218,51,51_c01,In search of the castaways,Thalcave,Died,True,EARLY,POS,0.7828813434049109,castaways_ch000_w0128,"[72, 172]","""He is leaving us!"" cried he, seeing Thalcave gather up his reins as though he were about to mount.",ch000,0.275496,SUPPORT,run_20260112_111511,4,False
t_00219,51,51_c02,In search of the castaways,Thalcave,Died,True,EARLY,POS,0.7967386218588483,castaways_ch000_w0126,"[1034, 1204]","Well done, Thalcave, my brave Patagonian!"" cried he, as the Indian killed with the butt of his gun two enormous beasts that were attempting to cross the glowing barrier.",ch000,0.271185,NEUTRAL,run_20260112_111511,3,False
t_00220,52,52_c01,In search of the castaways,Thalcave,KnownAs,Thaouka,EARLY,POS,0.7987941739162187,castaways_ch000_w0128,"[72, 172]","""He is leaving us!"" cried he, seeing Thalcave gather up his reins as though he were about to mount.",ch000,0.275496,SUPPORT,run_20260112_111511,2,False
t_00221,52,52_c01,In search of the castaways,Thalcave,KnownAs,Thaouka,EARLY,POS,0.82,castaways_ch000_w0100,"[425, 499]",At eight o'clock the next morning Thalcave gave the signal for departure.,ch000,0.215192,NEUTRAL,run_20260112_111511,1,True
t_00222,82,82_c01,In search of the castaways,Kai-Koumou,Claim,Captured at sixteen,LATE,POS,0.8045489499756513,castaways_ch000_w0381,"[0, 92]","were not more precious than yours!"" cried Kai-Koumou, whose eyes expressed a fierce regret.",ch000,0.819412,SUPPORT,run_20260112_111511,3,False
t_00223,82,82_c02,In search of the castaways,Kai-Koumou,Claim,on escape he inspired fellow captives by chewing burnt bone ash,LATE,POS,0.8056127022668655,castaways_ch000_w0381,"[0, 92]","were not more precious than yours!"" cried Kai-Koumou, whose eyes expressed a fierce regret.",ch000,0.819412,SUPPORT,run_20260112_111511,2,False
t_00224,82,82_c03,In search of the castaways,Kai-Koumou,Claim,pieced together enough words for rough conversation.,LATE,POS,0.8384481133493626,castaways_ch000_w0381,"[0, 92]","were not more precious than yours!"" cried Kai-Koumou, whose eyes expressed a fierce regret.",ch000,0.819412,SUPPORT,run_20260112_111511,1,True
t_00225,37,37_c01,In search of the castaways,Tom Ayrton/Ben Joyce,Claim,Tom Ayrton was born near Exeter to a fisherman father,MID,POS,0.797121912572653,castaways_ch000_w0298,"[349, 488]","Here is a mystery that the future will explain."" ""The police do not even know the identity of Ayrton and Ben Joyce,"" said Captain Mangles.",ch000,0.642586,SUPPORT,run_20260112_111511,5,False
t_00226,37,37_c02,In search of the castaways,Tom Ayrton/Ben Joyce,Died,True,MID,POS,0.8,castaways_ch000_w0299,"[74, 127]",Captain Mangles first saw her pale and disconsolate.,ch000,0.64474,NEUTRAL,run_20260112_111511,1,True
t_00227,37,37_c02,In search of the castaways,Tom Ayrton/Ben Joyce,Died,True,MID,POS,0.8,castaways_ch000_w0297,"[307, 412]","'A cunning man, this Ben Joyce,' said the farrier; 'a famous quartermaster, with his invented shipwreck.",ch000,0.640441,NEUTRAL,run_20260112_111511,2,False
t_00228,37,37_c02,In search of the castaways,Tom Ayrton/Ben Joyce,Died,True,LATE,POS,0.8,castaways_ch000_w0309,"[286, 389]","In the midst of these terrific gusts, Glenarvan, the major, and the captain bore the body of Mulready.",ch000,0.665961,NEUTRAL,run_20260112_111511,3,False
t_00229,37,37_c02,In search of the castaways,Tom Ayrton/Ben Joyce,Died,True,LATE,POS,0.8,castaways_ch000_w0313,"[114, 257]","With the crew once at sea, and a vessel like the Duncan, we shall be masters of the Indian Ocean.' 'Hurrah for Ben Joyce!' cried the convicts.",ch000,0.67441,NEUTRAL,run_20260112_111511,4,False
t_00230,37,37_c03,In search of the castaways,Tom Ayrton/Ben Joyce,Claim,he was reared by his elder brother Benjamin,MID,POS,0.7873546887406107,castaways_ch000_w0298,"[349, 488]","Here is a mystery that the future will explain."" ""The police do not even know the identity of Ayrton and Ben Joyce,"" said Captain Mangles.",ch000,0.642586,SUPPORT,run_20260112_111511,6,False
t_00231,37,37_c04,In search of the castaways,Tom Ayrton/Ben Joyce,Claim,wind signs on fishing trips.,MID,POS,0.8068583678731421,castaways_ch000_w0298,"[349, 488]","Here is a mystery that the future will explain."" ""The police do not even know the identity of Ayrton and Ben Joyce,"" said Captain Mangles.",ch000,0.642586,SUPPORT,run_20260112_111511,2,False
t_00232,37,37_c04,In search of the castaways,Tom Ayrton/Ben Joyce,Claim,wind signs on fishing trips.,LATE,POS,0.7829936427561437,castaways_ch000_w0421,"[537, 681]","These were spectres, not the bold and dashing travelers whom, three months before, hope had stimulated to a search for the shipwrecked captain.",ch000,0.905168,SUPPORT,run_20260112_111511,7,False
t_00233,37,37_c05,In search of the castaways,Tom Ayrton/Ben Joyce,Claim,secretly studying the Nautical Almanac.,MID,POS,0.8002395543034537,castaways_ch000_w0298,"[349, 488]","Here is a mystery that the future will explain."" ""The police do not even know the identity of Ayrton and Ben Joyce,"" said Captain Mangles.",ch000,0.642586,SUPPORT,run_20260112_111511,4,False
t_00234,37,37_c06,In search of the castaways,Tom Ayrton/Ben Joyce,Claim,dreaming of 'conquering the seas.'.,MID,POS,0.8061070805877644,castaways_ch000_w0298,"[349, 488]","Here is a mystery that the future will explain."" ""The police do not even know the identity of Ayrton and Ben Joyce,"" said Captain Mangles.",ch000,0.642586,SUPPORT,run_20260112_111511,3,False
t_00235,37,37_c06,In search of the castaways,Tom Ayrton/Ben Joyce,Claim,dreaming of 'conquering the seas.'.,LATE,POS,0.8257903696881375,castaways_ch000_w0312,"[383, 472]","When his eyes encountered Lady Helena and the young girl, they expressed a deep sadness.",ch000,0.67228,SUPPORT,run_20260112_111511,1,True
t_00236,85,85_c01,In search of the castaways,Kai-Koumou,Claim,Hearing that foreigners sought the missing captain's daughter.,LATE,POS,0.8173224539567727,castaways_ch000_w0381,"[0, 92]","were not more precious than yours!"" cried Kai-Koumou, whose eyes expressed a fierce regret.",ch000,0.819412,SUPPORT,run_20260112_111511,1,True
t_00237,64,64_c01,In search of the castaways,Thalcave,Claim,off the Chilean coast he ferried water.,EARLY,POS,0.7970720077664513,castaways_ch000_w0150,"[420, 497]","the flood!"" replied Thalcave, spurring his horse towards the north.] ""Quick!",ch000,0.323606,SUPPORT,run_20260112_111511,1,True
t_00238,64,64_c01,In search of the castaways,Thalcave,Claim,off the Chilean coast he ferried water.,MID,POS,0.7849808019239675,castaways_ch000_w0185,"[79, 400]","He therefore shook Thalcave's hand, and did not insist; not even when the Indian, smiling in his peculiar way, refused the price of his services, saying,-- ""It was done out of friendship."" His lordship, however, desired to give the brave Indian something which might at least serve as a souvenir of his European friends.",ch000,0.399124,SUPPORT,run_20260112_111511,3,False
t_00239,64,64_c01,In search of the castaways,Thalcave,Claim,off the Chilean coast he ferried water.,MID,POS,0.7906544578305106,castaways_ch000_w0186,"[141, 307]","""But we have not a moment to lose, my lord, for the tide is beginning to ebb."" The last acknowledgments were given, and Thalcave accompanied his friends to the boat.",ch000,0.401251,SUPPORT,run_20260112_111511,2,False
t_00240,131,131_c02,The Count of Monte Cristo,Faria,Claim,startled tutors with his memory.,EARLY,POS,0.8305144376484166,montecristo_ch000_w0193,"[750, 923]","Dantès was at length roused from his reverie by the voice of Faria, who, having also been visited by his jailer, had come to invite his fellow-sufferer to share his supper.",ch000,0.123831,SUPPORT,run_20260112_111511,1,True
t_00241,61,61_c01,In search of the castaways,Thalcave,Claim,Slave-raiders seized his little sister Nawee.,EARLY,POS,0.828185291686172,castaways_ch000_w0107,"[141, 192]","""With the cazique Calfoucoura,"" answered Thalcave.",ch000,0.230501,SUPPORT,run_20260112_111511,2,False
t_00242,61,61_c01,In search of the castaways,Thalcave,Claim,Slave-raiders seized his little sister Nawee.,EARLY,POS,0.8660831390545953,castaways_ch000_w0123,"[63, 126]","""No,"" replied Thalcave, ""aguaras."" Robert looked at Glenarvan.",ch000,0.264828,SUPPORT,run_20260112_111511,1,True
t_00243,86,86_c02,In search of the castaways,Kai-Koumou,Claim,cold,LATE,POS,0.8203258888209909,castaways_ch000_w0381,"[0, 92]","were not more precious than yours!"" cried Kai-Koumou, whose eyes expressed a fierce regret.",ch000,0.819412,SUPPORT,run_20260112_111511,2,False
t_00244,86,86_c03,In search of the castaways,Kai-Koumou,Claim,though words were few,LATE,POS,0.8416571115146351,castaways_ch000_w0366,"[514, 650]","Addressing Kai-Koumou, he said, in a fearless tone: ""Where are you taking us, chief?"" Kai-Koumou gazed at him coldly without answering.",ch000,0.786793,SUPPORT,run_20260112_111511,1,True
t_00245,86,86_c03,In search of the castaways,Kai-Koumou,Claim,though words were few,LATE,POS,0.7997592187378417,castaways_ch000_w0381,"[0, 92]","were not more precious than yours!"" cried Kai-Koumou, whose eyes expressed a fierce regret.",ch000,0.819412,SUPPORT,run_20260112_111511,3,False
t_00246,38,38_c02,In search of the castaways,Tom Ayrton/Ben Joyce,Claim,during a storm on a convoy run he insisted on saving people.,MID,POS,0.8049693765708256,castaways_ch000_w0298,"[349, 488]","Here is a mystery that the future will explain."" ""The police do not even know the identity of Ayrton and Ben Joyce,"" said Captain Mangles.",ch000,0.642586,SUPPORT,run_20260112_111511,2,False
t_00247,38,38_c02,In search of the castaways,Tom Ayrton/Ben Joyce,Claim,during a storm on a convoy run he insisted on saving people.,LATE,POS,0.8481188373908854,castaways_ch000_w0312,"[383, 472]","When his eyes encountered Lady Helena and the young girl, they expressed a deep sadness.",ch000,0.67228,SUPPORT,run_20260112_111511,1,True
t_00248,38,38_c02,In search of the castaways,Tom Ayrton/Ben Joyce,Claim,during a storm on a convoy run he insisted on saving people.,MID,POS,0.7971756278681222,castaways_ch000_w0299,"[74, 127]",Captain Mangles first saw her pale and disconsolate.,ch000,0.64474,SUPPORT,run_20260112_111511,4,False
t_00249,38,38_c03,In search of the castaways,Tom Ayrton/Ben Joyce,Claim,was reprimanded for 'disrupting military order.'.,MID,POS,0.7972181822025733,castaways_ch000_w0298,"[349, 488]","Here is a mystery that the future will explain."" ""The police do not even know the identity of Ayrton and Ben Joyce,"" said Captain Mangles.",ch000,0.642586,SUPPORT,run_20260112_111511,3,False
t_00250,132,132_c01,The Count of Monte Cristo,Faria,Claim,By eighteen he was a star student at Rome University,EARLY,POS,0.7742244200109856,montecristo_ch000_w0241,"[923, 1312]","Often in prison Faria had said to him, when he saw him idle and inactive: “Dantès, you must not give way to this listlessness; you will be drowned if you seek to escape, and your strength has not been properly exercised and prepared for exertion.” These words rang in Dantès’ ears, even beneath the waves; he hastened to cleave his way through them to see if he had not lost his strength.",ch000,0.154149,SUPPORT,run_20260112_111511,1,True
t_00251,70,70_c01,In search of the castaways,Kai-Koumou,Claim,At twenty-two he earned the chieftainship by surviving seven days.,LATE,POS,0.8126272207376644,castaways_ch000_w0381,"[0, 92]","were not more precious than yours!"" cried Kai-Koumou, whose eyes expressed a fierce regret.",ch000,0.819412,SUPPORT,run_20260112_111511,2,False
t_00252,70,70_c02,In search of the castaways,Kai-Koumou,Claim,nights alone on the crater's rim,LATE,POS,0.8288835898842749,castaways_ch000_w0381,"[0, 92]","were not more precious than yours!"" cried Kai-Koumou, whose eyes expressed a fierce regret.",ch000,0.819412,SUPPORT,run_20260112_111511,1,True
t_00253,70,70_c03,In search of the castaways,Kai-Koumou,Died,True,LATE,POS,0.8147965620863858,castaways_ch000_w0381,"[0, 92]","were not more precious than yours!"" cried Kai-Koumou, whose eyes expressed a fierce regret.",ch000,0.819412,SUPPORT,run_20260112_111511,1,True
t_00254,78,78_c01,In search of the castaways,Kai-Koumou,Claim,His father guarded the island's paramount chief.,LATE,POS,0.8498518367972191,castaways_ch000_w0381,"[0, 92]","were not more precious than yours!"" cried Kai-Koumou, whose eyes expressed a fierce regret.",ch000,0.819412,SUPPORT,run_20260112_111511,1,True
t_00255,78,78_c02,In search of the castaways,Kai-Koumou,Claim,his mother,LATE,POS,0.812572854117769,castaways_ch000_w0381,"[0, 92]","were not more precious than yours!"" cried Kai-Koumou, whose eyes expressed a fierce regret.",ch000,0.819412,SUPPORT,run_20260112_111511,2,False
t_00256,78,78_c04,In search of the castaways,Kai-Koumou,Died,True,LATE,POS,0.8014209874566687,castaways_ch000_w0381,"[0, 92]","were not more precious than yours!"" cried Kai-Koumou, whose eyes expressed a fierce regret.",ch000,0.819412,SUPPORT,run_20260112_111511,1,True
t_00257,78,78_c05,In search of the castaways,Kai-Koumou,Claim,the child never forgot the sound of flesh stripped from bone.,EARLY,POS,0.8068539007819803,castaways_ch000_w0093,"[0, 106]","said Glenarvan; and without seeking whence this providential shot had come, he rushed towards the condor.",ch000,0.199861,SUPPORT,run_20260112_111511,3,False
t_00258,78,78_c05,In search of the castaways,Kai-Koumou,Claim,the child never forgot the sound of flesh stripped from bone.,LATE,POS,0.8024895420745286,castaways_ch000_w0381,"[0, 92]","were not more precious than yours!"" cried Kai-Koumou, whose eyes expressed a fierce regret.",ch000,0.819412,SUPPORT,run_20260112_111511,4,False
t_00259,87,87_c02,The Count of Monte Cristo,Noirtier,Claim,watching the blade fall left him with chronic hand tremors.,MID,POS,0.7958664226715032,montecristo_ch000_w0814,"[0, 7]",night.,ch000,0.520908,SUPPORT,run_20260112_111511,1,True
t_00260,75,75_c01,In search of the castaways,Kai-Koumou,Claim,He had an extraordinary memory for geographical knowledge,LATE,POS,0.797821788925577,castaways_ch000_w0381,"[0, 92]","were not more precious than yours!"" cried Kai-Koumou, whose eyes expressed a fierce regret.",ch000,0.819412,SUPPORT,run_20260112_111511,2,False
t_00261,75,75_c02,In search of the castaways,Kai-Koumou,Claim,could determine the location of shipwrecks by observing tidal changes.,LATE,POS,0.83513277512044,castaways_ch000_w0381,"[0, 92]","were not more precious than yours!"" cried Kai-Koumou, whose eyes expressed a fierce regret.",ch000,0.819412,SUPPORT,run_20260112_111511,1,True
t_00262,44,44_c01,In search of the castaways,Tom Ayrton/Ben Joyce,Claim,remorse to the surface.,MID,POS,0.8199694482453699,castaways_ch000_w0298,"[349, 488]","Here is a mystery that the future will explain."" ""The police do not even know the identity of Ayrton and Ben Joyce,"" said Captain Mangles.",ch000,0.642586,SUPPORT,run_20260112_111511,1,True
t_00263,44,44_c02,In search of the castaways,Tom Ayrton/Ben Joyce,Claim,again his diary confessed both self-loathing for the betrayal.,MID,POS,0.7951174299078317,castaways_ch000_w0298,"[349, 488]","Here is a mystery that the future will explain."" ""The police do not even know the identity of Ayrton and Ben Joyce,"" said Captain Mangles.",ch000,0.642586,SUPPORT,run_20260112_111511,2,False
t_00264,44,44_c03,In search of the castaways,Tom Ayrton/Ben Joyce,Claim,relief that no one knew the truth.,MID,POS,0.7854671428866151,castaways_ch000_w0298,"[349, 488]","Here is a mystery that the future will explain."" ""The police do not even know the identity of Ayrton and Ben Joyce,"" said Captain Mangles.",ch000,0.642586,SUPPORT,run_20260112_111511,3,False
