id,claim_id,book_name,k_found,buckets_covered,unique_chapters,split,run_id
46,46_c01,In search of the castaways,12,2,1,train,run_20260112_111511
46,46_c02,In search of the castaways,12,2,1,train,run_20260112_111511
46,46_c03,In search of the castaways,12,2,1,train,run_20260112_111511
46,46_c04,In search of the castaways,12,2,1,train,run_20260112_111511
46,46_c05,In search of the castaways,12,3,1,train,run_20260112_111511
137,137_c01,The Count of Monte Cristo,12,3,1,train,run_20260112_111511
137,137_c02,The Count of Monte Cristo,12,3,1,train,run_20260112_111511
74,74_c01,In search of the castaways,12,1,1,train,run_20260112_111511
109,109_c01,The Count of Monte Cristo,12,3,1,train,run_20260112_111511
109,109_c02,The Count of Monte Cristo,12,3,1,train,run_20260112_111511
104,104_c01,The Count of Monte Cristo,12,3,1,train,run_20260112_111511
104,104_c02,The Count of Monte Cristo,12,3,1,train,run_20260112_111511
35,35_c01,In search of the castaways,12,3,1,train,run_20260112_111511
35,35_c02,In search of the castaways,12,2,1,train,run_20260112_111511
35,35_c03,In search of the castaways,12,2,1,train,run_20260112_111511
18,18_c01,In search of the castaways,12,2,1,train,run_20260112_111511
18,18_c02,In search of the castaways,12,2,1,train,run_20260112_111511
18,18_c03,In search of the castaways,12,2,1,train,run_20260112_111511
31,31_c01,In search of the castaways,12,3,1,train,run_20260112_111511
31,31_c02,In search of the castaways,12,3,1,train,run_20260112_111511
31,31_c03,In search of the castaways,12,3,1,train,run_20260112_111511
68,68_c01,In search of the castaways,12,2,1,train,run_20260112_111511
68,68_c02,In search of the castaways,12,1,1,train,run_20260112_111511
68,68_c03,In search of the castaways,12,1,1,train,run_20260112_111511
68,68_c04,In search of the castaways,12,1,1,train,run_20260112_111511
9,9_c01,In search of the castaways,12,3,1,train,run_20260112_111511
9,9_c02,In search of the castaways,12,2,1,train,run_20260112_111511
84,84_c01,In search of the castaways,12,1,1,train,run_20260112_111511
84,84_c02,In search of the castaways,12,1,1,train,run_20260112_111511
84,84_c03,In search of the castaways,12,1,1,train,run_20260112_111511
83,83_c01,In search of the castaways,12,2,1,train,run_20260112_111511
83,83_c02,In search of the castaways,12,1,1,train,run_20260112_111511
83,83_c03,In search of the castaways,12,1,1,train,run_20260112_111511
83,83_c04,In search of the castaways,12,1,1,train,run_20260112_111511
134,134_c01,The Count of Monte Cristo,12,2,1,train,run_20260112_111511
134,134_c02,The Count of Monte Cristo,12,3,1,train,run_20260112_111511
88,88_c01,The Count of Monte Cristo,12,3,1,train,run_20260112_111511
88,88_c02,The Count of Monte Cristo,12,3,1,train,run_20260112_111511
67,67_c01,In search of the castaways,12,1,1,train,run_20260112_111511
67,67_c02,In search of the castaways,12,1,1,train,run_20260112_111511
67,67_c03,In search of the castaways,12,2,1,train,run_20260112_111511
67,67_c04,In search of the castaways,12,1,1,train,run_20260112_111511
112,112_c01,The Count of Monte Cristo,12,3,1,train,run_20260112_111511
112,112_c02,The Count of Monte Cristo,12,3,1,train,run_20260112_111511
79,79_c01,In search of the castaways,12,1,1,train,run_20260112_111511
79,79_c02,In search of the castaways,12,3,1,train,run_20260112_111511
55,55_c01,In search of the castaways,12,3,1,train,run_20260112_111511
55,55_c02,In search of the castaways,12,2,1,train,run_20260112_111511
12,12_c01,In search of the castaways,12,3,1,train,run_20260112_111511
12,12_c02,In search of the castaways,12,3,1,train,run_20260112_111511
13,13_c01,In search of the castaways,12,3,1,train,run_20260112_111511
13,13_c02,In search of the castaways,12,2,1,train,run_20260112_111511
102,102_c01,The Count of Monte Cristo,12,3,1,train,run_20260112_111511
102,102_c02,The Count of Monte Cristo,12,3,1,train,run_20260112_111511
92,92_c01,The Count of Monte Cristo,12,3,1,train,run_20260112_111511
92,92_c02,The Count of Monte Cristo,12,3,1,train,run_20260112_111511
92,92_c03,The Count of Monte Cristo,12,3,1,train,run_20260112_111511
1,1_c01,In search of the castaways,12,3,1,train,run_20260112_111511
1,1_c02,In search of the castaways,12,2,1,train,run_20260112_111511
1,1_c03,In search of the castaways,12,2,1,train,run_20260112_111511
11,11_c01,In search of the castaways,12,2,1,train,run_20260112_111511
11,11_c02,In search of the castaways,12,2,1,train,run_20260112_111511
65,65_c01,In search of the castaways,12,2,1,train,run_20260112_111511
65,65_c02,In search of the castaways,12,3,1,train,run_20260112_111511
65,65_c03,In search of the castaways,12,3,1,train,run_20260112_111511
107,107_c01,The Count of Monte Cristo,12,3,1,train,run_20260112_111511
107,107_c02,The Count of Monte Cristo,12,3,1,train,run_20260112_111511
107,107_c03,The Count of Monte Cristo,12,3,1,train,run_20260112_111511
66,66_c01,In search of the castaways,12,3,1,train,run_20260112_111511
66,66_c02,In search of the castaways,12,3,1,train,run_20260112_111511
89,89_c01,The Count of Monte Cristo,12,3,1,train,run_20260112_111511
89,89_c02,The Count of Monte Cristo,12,3,1,train,run_20260112_111511
34,34_c01,In search of the castaways,12,2,1,train,run_20260112_111511
34,34_c02,In search of the castaways,12,3,1,train,run_20260112_111511
99,99_c01,The Count of Monte Cristo,12,3,1,train,run_20260112_111511
99,99_c02,The Count of Monte Cristo,12,3,1,train,run_20260112_111511
123,123_c01,The Count of Monte Cristo,12,3,1,train,run_20260112_111511
116,116_c01,The Count of Monte Cristo,12,3,1,train,run_20260112_111511
43,43_c01,In search of the castaways,12,2,1,train,run_20260112_111511
43,43_c02,In search of the castaways,12,3,1,train,run_20260112_111511
108,108_c01,The Count of Monte Cristo,12,3,1,train,run_20260112_111511
108,108_c02,The Count of Monte Cristo,12,3,1,train,run_20260112_111511
128,128_c01,The Count of Monte Cristo,12,2,1,train,run_20260112_111511
29,29_c01,In search of the castaways,12,3,1,train,run_20260112_111511
69,69_c01,In search of the castaways,12,2,1,train,run_20260112_111511
69,69_c02,In search of the castaways,12,1,1,train,run_20260112_111511
69,69_c03,In search of the castaways,12,1,1,train,run_20260112_111511
69,69_c04,In search of the castaways,12,1,1,train,run_20260112_111511
69,69_c05,In search of the castaways,12,1,1,train,run_20260112_111511
50,50_c01,In search of the castaways,12,3,1,train,run_20260112_111511
50,50_c02,In search of the castaways,12,1,1,train,run_20260112_111511
50,50_c03,In search of the castaways,12,3,1,train,run_20260112_111511
5,5_c01,In search of the castaways,12,3,1,train,run_20260112_111511
5,5_c02,In search of the castaways,12,2,1,train,run_20260112_111511
39,39_c01,In search of the castaways,12,3,1,train,run_20260112_111511
39,39_c02,In search of the castaways,12,3,1,train,run_20260112_111511
39,39_c03,In search of the castaways,12,3,1,train,run_20260112_111511
19,19_c01,In search of the castaways,12,3,1,train,run_20260112_111511
19,19_c02,In search of the castaways,12,2,1,train,run_20260112_111511
113,113_c01,The Count of Monte Cristo,12,3,1,train,run_20260112_111511
113,113_c02,The Count of Monte Cristo,12,3,1,train,run_20260112_111511
139,139_c01,The Count of Monte Cristo,12,2,1,train,run_20260112_111511
139,139_c02,The Count of Monte Cristo,12,2,1,train,run_20260112_111511
71,71_c01,In search of the castaways,12,2,1,train,run_20260112_111511
71,71_c02,In search of the castaways,12,1,1,train,run_20260112_111511
71,71_c03,In search of the castaways,12,2,1,train,run_20260112_111511
71,71_c04,In search of the castaways,12,1,1,train,run_20260112_111511
71,71_c05,In search of the castaways,12,1,1,train,run_20260112_111511
26,26_c01,In search of the castaways,12,3,1,train,run_20260112_111511
26,26_c02,In search of the castaways,12,3,1,train,run_20260112_111511
26,26_c03,In search of the castaways,12,3,1,train,run_20260112_111511
26,26_c04,In search of the castaways,12,2,1,train,run_20260112_111511
117,117_c01,The Count of Monte Cristo,12,3,1,train,run_20260112_111511
117,117_c02,The Count of Monte Cristo,12,1,1,train,run_20260112_111511
6,6_c01,In search of the castaways,12,2,1,train,run_20260112_111511
6,6_c02,In search of the castaways,12,2,1,train,run_20260112_111511
6,6_c03,In search of the castaways,12,2,1,train,run_20260112_111511
6,6_c04,In search of the castaways,12,2,1,train,run_20260112_111511
76,76_c01,In search of the castaways,12,2,1,train,run_20260112_111511
76,76_c02,In search of the castaways,12,1,1,train,run_20260112_111511
17,17_c01,In search of the castaways,12,3,1,train,run_20260112_111511
17,17_c02,In search of the castaways,12,3,1,train,run_20260112_111511
17,17_c03,In search of the castaways,12,2,1,train,run_20260112_111511
17,17_c04,In search of the castaways,12,3,1,train,run_20260112_111511
20,20_c01,In search of the castaways,12,2,1,train,run_20260112_111511
20,20_c02,In search of the castaways,12,3,1,train,run_20260112_111511
10,10_c01,In search of the castaways,12,2,1,train,run_20260112_111511
10,10_c02,In search of the castaways,12,2,1,train,run_20260112_111511
122,122_c01,The Count of Monte Cristo,12,2,1,train,run_20260112_111511
62,62_c01,In search of the castaways,12,3,1,train,run_20260112_111511
62,62_c02,In search of the castaways,12,3,1,train,run_20260112_111511
62,62_c03,In search of the castaways,12,3,1,train,run_20260112_111511
36,36_c01,In search of the castaways,12,3,1,train,run_20260112_111511
73,73_c01,In search of the castaways,12,1,1,train,run_20260112_111511
98,98_c01,The Count of Monte Cristo,12,3,1,train,run_20260112_111511
25,25_c01,In search of the castaways,12,2,1,train,run_20260112_111511
25,25_c02,In search of the castaways,12,2,1,train,run_20260112_111511
120,120_c01,The Count of Monte Cristo,12,2,1,train,run_20260112_111511
120,120_c02,The Count of Monte Cristo,12,3,1,train,run_20260112_111511
105,105_c01,The Count of Monte Cristo,12,3,1,train,run_20260112_111511
57,57_c01,In search of the castaways,12,3,1,train,run_20260112_111511
57,57_c02,In search of the castaways,12,3,1,train,run_20260112_111511
106,106_c01,The Count of Monte Cristo,12,3,1,train,run_20260112_111511
106,106_c02,The Count of Monte Cristo,12,3,1,train,run_20260112_111511
106,106_c03,The Count of Monte Cristo,12,3,1,train,run_20260112_111511
118,118_c01,The Count of Monte Cristo,12,3,1,train,run_20260112_111511
118,118_c02,The Count of Monte Cristo,12,3,1,train,run_20260112_111511
126,126_c01,The Count of Monte Cristo,12,2,1,train,run_20260112_111511
126,126_c02,The Count of Monte Cristo,12,2,1,train,run_20260112_111511
4,4_c01,In search of the castaways,12,3,1,train,run_20260112_111511
4,4_c02,In search of the castaways,12,2,1,train,run_20260112_111511
125,125_c01,The Count of Monte Cristo,12,2,1,train,run_20260112_111511
125,125_c02,The Count of Monte Cristo,12,3,1,train,run_20260112_111511
40,40_c01,In search of the castaways,12,3,1,train,run_20260112_111511
40,40_c02,In search of the castaways,12,3,1,train,run_20260112_111511
96,96_c01,The Count of Monte Cristo,12,2,1,train,run_20260112_111511
96,96_c02,The Count of Monte Cristo,12,2,1,train,run_20260112_111511
45,45_c01,In search of the castaways,12,2,1,train,run_20260112_111511
45,45_c02,In search of the castaways,12,3,1,train,run_20260112_111511
45,45_c03,In search of the castaways,12,3,1,train,run_20260112_111511
54,54_c01,In search of the castaways,12,3,1,train,run_20260112_111511
54,54_c02,In search of the castaways,12,2,1,train,run_20260112_111511
54,54_c03,In search of the castaways,12,3,1,train,run_20260112_111511
8,8_c01,In search of the castaways,12,3,1,train,run_20260112_111511
8,8_c02,In search of the castaways,12,2,1,train,run_20260112_111511
32,32_c01,In search of the castaways,12,3,1,train,run_20260112_111511
32,32_c02,In search of the castaways,12,3,1,train,run_20260112_111511
14,14_c01,In search of the castaways,12,2,1,train,run_20260112_111511
14,14_c02,In search of the castaways,12,3,1,train,run_20260112_111511
14,14_c03,In search of the castaways,12,3,1,train,run_20260112_111511
63,63_c01,In search of the castaways,12,3,1,train,run_20260112_111511
41,41_c01,In search of the castaways,12,3,1,train,run_20260112_111511
41,41_c02,In search of the castaways,12,3,1,train,run_20260112_111511
41,41_c03,In search of the castaways,12,3,1,train,run_20260112_111511
23,23_c01,In search of the castaways,12,2,1,train,run_20260112_111511
23,23_c02,In search of the castaways,12,2,1,train,run_20260112_111511
23,23_c03,In search of the castaways,12,2,1,train,run_20260112_111511
90,90_c01,The Count of Monte Cristo,12,3,1,train,run_20260112_111511
90,90_c02,The Count of Monte Cristo,12,2,1,train,run_20260112_111511
100,100_c01,The Count of Monte Cristo,12,2,1,train,run_20260112_111511
100,100_c02,The Count of Monte Cristo,12,3,1,train,run_20260112_111511
138,138_c01,The Count of Monte Cristo,12,3,1,train,run_20260112_111511
138,138_c02,The Count of Monte Cristo,12,2,1,train,run_20260112_111511
138,138_c03,The Count of Monte Cristo,12,3,1,train,run_20260112_111511
130,130_c01,The Count of Monte Cristo,12,3,1,train,run_20260112_111511
48,48_c01,In search of the castaways,12,3,1,train,run_20260112_111511
48,48_c02,In search of the castaways,12,3,1,train,run_20260112_111511
95,95_c01,The Count of Monte Cristo,12,2,1,test,run_20260112_111511
95,95_c02,The Count of Monte Cristo,12,2,1,test,run_20260112_111511
95,95_c03,The Count of Monte Cristo,12,3,1,test,run_20260112_111511
136,136_c01,The Count of Monte Cristo,12,2,1,test,run_20260112_111511
136,136_c02,The Count of Monte Cristo,12,2,1,test,run_20260112_111511
59,59_c01,In search of the castaways,12,3,1,test,run_20260112_111511
59,59_c02,In search of the castaways,12,3,1,test,run_20260112_111511
60,60_c01,In search of the castaways,12,3,1,test,run_20260112_111511
60,60_c02,In search of the castaways,12,3,1,test,run_20260112_111511
124,124_c01,The Count of Monte Cristo,12,3,1,test,run_20260112_111511
111,111_c01,The Count of Monte Cristo,12,3,1,test,run_20260112_111511
135,135_c01,The Count of Monte Cristo,12,2,1,test,run_20260112_111511
135,135_c02,The Count of Monte Cristo,12,2,1,test,run_20260112_111511
135,135_c03,The Count of Monte Cristo,12,3,1,test,run_20260112_111511
27,27_c01,In search of the castaways,12,2,1,test,run_20260112_111511
27,27_c02,In search of the castaways,12,3,1,test,run_20260112_111511
110,110_c01,The Count of Monte Cristo,12,3,1,test,run_20260112_111511
110,110_c02,The Count of Monte Cristo,12,3,1,test,run_20260112_111511
110,110_c03,The Count of Monte Cristo,12,3,1,test,run_20260112_111511
42,42_c01,In search of the castaways,12,3,1,test,run_20260112_111511
42,42_c02,In search of the castaways,12,3,1,test,run_20260112_111511
42,42_c03,In search of the castaways,12,3,1,test,run_20260112_111511
56,56_c01,In search of the castaways,12,2,1,test,run_20260112_111511
56,56_c02,In search of the castaways,12,3,1,test,run_20260112_111511
80,80_c01,In search of the castaways,12,1,1,test,run_20260112_111511
80,80_c02,In search of the castaways,12,1,1,test,run_20260112_111511
80,80_c03,In search of the castaways,12,1,1,test,run_20260112_111511
80,80_c04,In search of the castaways,12,1,1,test,run_20260112_111511
80,80_c05,In search of the castaways,12,1,1,test,run_20260112_111511
80,80_c06,In search of the castaways,12,1,1,test,run_20260112_111511
28,28_c01,In search of the castaways,12,3,1,test,run_20260112_111511
28,28_c02,In search of the castaways,12,3,1,test,run_20260112_111511
28,28_c03,In search of the castaways,12,3,1,test,run_20260112_111511
28,28_c04,In search of the castaways,12,3,1,test,run_20260112_111511
101,101_c01,The Count of Monte Cristo,12,3,1,test,run_20260112_111511
101,101_c02,The Count of Monte Cristo,12,3,1,test,run_20260112_111511
91,91_c01,The Count of Monte Cristo,12,3,1,test,run_20260112_111511
91,91_c02,The Count of Monte Cristo,12,3,1,test,run_20260112_111511
91,91_c03,The Count of Monte Cristo,12,3,1,test,run_20260112_111511
24,24_c01,In search of the castaways,12,2,1,test,run_20260112_111511
24,24_c02,In search of the castaways,12,3,1,test,run_20260112_111511
119,119_c01,The Count of Monte Cristo,12,3,1,test,run_20260112_111511
119,119_c02,The Count of Monte Cristo,12,3,1,test,run_20260112_111511
93,93_c01,The Count of Monte Cristo,12,3,1,test,run_20260112_111511
93,93_c02,The Count of Monte Cristo,12,3,1,test,run_20260112_111511
72,72_c01,In search of the castaways,12,1,1,test,run_20260112_111511
72,72_c02,In search of the castaways,12,1,1,test,run_20260112_111511
16,16_c01,In search of the castaways,12,3,1,test,run_20260112_111511
16,16_c02,In search of the castaways,12,3,1,test,run_20260112_111511
30,30_c01,In search of the castaways,12,2,1,test,run_20260112_111511
30,30_c02,In search of the castaways,12,3,1,test,run_20260112_111511
30,30_c03,In search of the castaways,12,3,1,test,run_20260112_111511
30,30_c04,In search of the castaways,12,3,1,test,run_20260112_111511
97,97_c01,The Count of Monte Cristo,12,3,1,test,run_20260112_111511
97,97_c02,The Count of Monte Cristo,12,3,1,test,run_20260112_111511
22,22_c01,In search of the castaways,12,3,1,test,run_20260112_111511
22,22_c02,In search of the castaways,12,2,1,test,run_20260112_111511
22,22_c03,In search of the castaways,12,2,1,test,run_20260112_111511
53,53_c01,In search of the castaways,12,2,1,test,run_20260112_111511
53,53_c02,In search of the castaways,12,3,1,test,run_20260112_111511
53,53_c03,In search of the castaways,12,3,1,test,run_20260112_111511
58,58_c01,In search of the castaways,12,2,1,test,run_20260112_111511
58,58_c02,In search of the castaways,12,3,1,test,run_20260112_111511
58,58_c03,In search of the castaways,12,3,1,test,run_20260112_111511
81,81_c01,In search of the castaways,12,1,1,test,run_20260112_111511
81,81_c02,In search of the castaways,12,1,1,test,run_20260112_111511
81,81_c03,In search of the castaways,12,1,1,test,run_20260112_111511
81,81_c04,In search of the castaways,12,1,1,test,run_20260112_111511
47,47_c01,In search of the castaways,12,3,1,test,run_20260112_111511
47,47_c02,In search of the castaways,12,2,1,test,run_20260112_111511
7,7_c01,In search of the castaways,12,2,1,test,run_20260112_111511
7,7_c02,In search of the castaways,12,3,1,test,run_20260112_111511
7,7_c03,In search of the castaways,12,3,1,test,run_20260112_111511
121,121_c01,The Count of Monte Cristo,12,2,1,test,run_20260112_111511
121,121_c02,The Count of Monte Cristo,12,3,1,test,run_20260112_111511
129,129_c01,The Count of Monte Cristo,12,3,1,test,run_20260112_111511
51,51_c01,In search of the castaways,12,2,1,test,run_20260112_111511
51,51_c02,In search of the castaways,12,2,1,test,run_20260112_111511
127,127_c01,The Count of Monte Cristo,12,2,1,test,run_20260112_111511
133,133_c01,The Count of Monte Cristo,12,2,1,test,run_20260112_111511
133,133_c02,The Count of Monte Cristo,12,3,1,test,run_20260112_111511
52,52_c01,In search of the castaways,12,2,1,test,run_20260112_111511
52,52_c02,In search of the castaways,12,2,1,test,run_20260112_111511
114,114_c01,The Count of Monte Cristo,12,2,1,test,run_20260112_111511
114,114_c02,The Count of Monte Cristo,12,3,1,test,run_20260112_111511
2,2_c01,In search of the castaways,12,2,1,test,run_20260112_111511
2,2_c02,In search of the castaways,12,2,1,test,run_20260112_111511
2,2_c03,In search of the castaways,12,2,1,test,run_20260112_111511
33,33_c01,In search of the castaways,12,3,1,test,run_20260112_111511
15,15_c01,In search of the castaways,12,2,1,test,run_20260112_111511
82,82_c01,In search of the castaways,12,2,1,test,run_20260112_111511
82,82_c02,In search of the castaways,12,2,1,test,run_20260112_111511
82,82_c03,In search of the castaways,12,1,1,test,run_20260112_111511
37,37_c01,In search of the castaways,12,3,1,test,run_20260112_111511
37,37_c02,In search of the castaways,12,3,1,test,run_20260112_111511
37,37_c03,In search of the castaways,12,3,1,test,run_20260112_111511
37,37_c04,In search of the castaways,12,3,1,test,run_20260112_111511
37,37_c05,In search of the castaways,12,3,1,test,run_20260112_111511
37,37_c06,In search of the castaways,12,3,1,test,run_20260112_111511
3,3_c01,In search of the castaways,12,3,1,test,run_20260112_111511
3,3_c02,In search of the castaways,12,2,1,test,run_20260112_111511
103,103_c01,The Count of Monte Cristo,12,3,1,test,run_20260112_111511
103,103_c02,The Count of Monte Cristo,12,3,1,test,run_20260112_111511
94,94_c01,The Count of Monte Cristo,12,3,1,test,run_20260112_111511
94,94_c02,The Count of Monte Cristo,12,3,1,test,run_20260112_111511
85,85_c01,In search of the castaways,12,1,1,test,run_20260112_111511
85,85_c02,In search of the castaways,12,1,1,test,run_20260112_111511
21,21_c01,In search of the castaways,12,3,1,test,run_20260112_111511
21,21_c02,In search of the castaways,12,3,1,test,run_20260112_111511
49,49_c01,In search of the castaways,12,2,1,test,run_20260112_111511
140,140_c01,The Count of Monte Cristo,12,3,1,test,run_20260112_111511
140,140_c02,The Count of Monte Cristo,12,2,1,test,run_20260112_111511
64,64_c01,In search of the castaways,12,3,1,test,run_20260112_111511
64,64_c02,In search of the castaways,12,2,1,test,run_20260112_111511
64,64_c03,In search of the castaways,12,3,1,test,run_20260112_111511
131,131_c01,The Count of Monte Cristo,12,2,1,test,run_20260112_111511
131,131_c02,The Count of Monte Cristo,12,3,1,test,run_20260112_111511
61,61_c01,In search of the castaways,12,3,1,test,run_20260112_111511
61,61_c02,In search of the castaways,12,2,1,test,run_20260112_111511
86,86_c01,In search of the castaways,12,1,1,test,run_20260112_111511
86,86_c02,In search of the castaways,12,1,1,test,run_20260112_111511
86,86_c03,In search of the castaways,12,1,1,test,run_20260112_111511
38,38_c01,In search of the castaways,12,3,1,test,run_20260112_111511
38,38_c02,In search of the castaways,12,3,1,test,run_20260112_111511
38,38_c03,In search of the castaways,12,3,1,test,run_20260112_111511
132,132_c01,The Count of Monte Cristo,12,2,1,test,run_20260112_111511
132,132_c02,The Count of Monte Cristo,12,3,1,test,run_20260112_111511
77,77_c01,In search of the castaways,12,2,1,test,run_20260112_111511
70,70_c01,In search of the castaways,12,1,1,test,run_20260112_111511
70,70_c02,In search of the castaways,12,1,1,test,run_20260112_111511
70,70_c03,In search of the castaways,12,2,1,test,run_20260112_111511
70,70_c04,In search of the castaways,12,1,1,test,run_20260112_111511
115,115_c01,The Count of Monte Cristo,12,3,1,test,run_20260112_111511
115,115_c02,The Count of Monte Cristo,12,2,1,test,run_20260112_111511
78,78_c01,In search of the castaways,12,1,1,test,run_20260112_111511
78,78_c02,In search of the castaways,12,2,1,test,run_20260112_111511
78,78_c03,In search of the castaways,12,1,1,test,run_20260112_111511
78,78_c04,In search of the castaways,12,1,1,test,run_20260112_111511
78,78_c05,In search of the castaways,12,2,1,test,run_20260112_111511
87,87_c01,The Count of Monte Cristo,12,3,1,test,run_20260112_111511
87,87_c02,The Count of Monte Cristo,12,3,1,test,run_20260112_111511
87,87_c03,The Count of Monte Cristo,12,3,1,test,run_20260112_111511
75,75_c01,In search of the castaways,12,1,1,test,run_20260112_111511
75,75_c02,In search of the castaways,12,1,1,test,run_20260112_111511
75,75_c03,In search of the castaways,12,1,1,test,run_20260112_111511
44,44_c01,In search of the castaways,12,3,1,test,run_20260112_111511
44,44_c02,In search of the castaways,12,3,1,test,run_20260112_111511
44,44_c03,In search of the castaways,12,3,1,test,run_20260112_111511
