id,prediction,split,dossier_path
1,0,train,/workspace/kdsh_trackA_data_centric/data/gold/run_id=run_20260201_223201/dossier/1.md
2,0,test,/workspace/kdsh_trackA_data_centric/data/gold/run_id=run_20260201_223201/dossier/2.md
3,0,test,/workspace/kdsh_trackA_data_centric/data/gold/run_id=run_20260201_223201/dossier/3.md
4,0,train,/workspace/kdsh_trackA_data_centric/data/gold/run_id=run_20260201_223201/dossier/4.md
5,1,train,/workspace/kdsh_trackA_data_centric/data/gold/run_id=run_20260201_223201/dossier/5.md
6,1,train,/workspace/kdsh_trackA_data_centric/data/gold/run_id=run_20260201_223201/dossier/6.md
7,0,test,/workspace/kdsh_trackA_data_centric/data/gold/run_id=run_20260201_223201/dossier/7.md
8,0,train,/workspace/kdsh_trackA_data_centric/data/gold/run_id=run_20260201_223201/dossier/8.md
9,1,train,/workspace/kdsh_trackA_data_centric/data/gold/run_id=run_20260201_223201/dossier/9.md
10,0,train,/workspace/kdsh_trackA_data_centric/data/gold/run_id=run_20260201_223201/dossier/10.md
11,0,train,/workspace/kdsh_trackA_data_centric/data/gold/run_id=run_20260201_223201/dossier/11.md
12,0,train,/workspace/kdsh_trackA_data_centric/data/gold/run_id=run_20260201_223201/dossier/12.md
13,0,train,/workspace/kdsh_trackA_data_centric/data/gold/run_id=run_20260201_223201/dossier/13.md
14,1,train,/workspace/kdsh_trackA_data_centric/data/gold/run_id=run_20260201_223201/dossier/14.md
15,0,test,/workspace/kdsh_trackA_data_centric/data/gold/run_id=run_20260201_223201/dossier/15.md
16,0,test,/workspace/kdsh_trackA_data_centric/data/gold/run_id=run_20260201_223201/dossier/16.md
17,0,train,/workspace/kdsh_trackA_data_centric/data/gold/run_id=run_20260201_223201/dossier/17.md
18,1,train,/workspace/kdsh_trackA_data_centric/data/gold/run_id=run_20260201_223201/dossier/18.md
19,1,train,/workspace/kdsh_trackA_data_centric/data/gold/run_id=run_20260201_223201/dossier/19.md
20,0,train,/workspace/kdsh_trackA_data_centric/data/gold/run_id=run_20260201_223201/dossier/20.md
21,0,test,/workspace/kdsh_trackA_data_centric/data/gold/run_id=run_20260201_223201/dossier/21.md
22,1,test,/workspace/kdsh_trackA_data_centric/data/gold/run_id=run_20260201_223201/dossier/22.md
23,0,train,/workspace/kdsh_trackA_data_centric/data/gold/run_id=run_20260201_223201/dossier/23.md
24,0,test,/workspace/kdsh_trackA_data_centric/data/gold/run_id=run_20260201_223201/dossier/24.md
25,0,train,/workspace/kdsh_trackA_data_centric/data/gold/run_id=run_20260201_223201/dossier/25.md
26,1,train,/workspace/kdsh_trackA_data_centric/data/gold/run_id=run_20260201_223201/dossier/26.md
27,0,test,/workspace/kdsh_trackA_data_centric/data/gold/run_id=run_20260201_223201/dossier/27.md
28,0,test,/workspace/kdsh_trackA_data_centric/data/gold/run_id=run_20260201_223201/dossier/28.md
29,0,train,/workspace/kdsh_trackA_data_centric/data/gold/run_id=run_20260201_223201/dossier/29.md
30,1,test,/workspace/kdsh_trackA_data_centric/data/gold/run_id=run_20260201_223201/dossier/30.md
31,0,train,/workspace/kdsh_trackA_data_centric/data/gold/run_id=run_20260201_223201/dossier/31.md
32,0,train,/workspace/kdsh_trackA_data_centric/data/gold/run_id=run_20260201_223201/dossier/32.md
33,0,test,/workspace/kdsh_trackA_data_centric/data/gold/run_id=run_20260201_223201/dossier/33.md
34,0,train,/workspace/kdsh_trackA_data_centric/data/gold/run_id=run_20260201_223201/dossier/34.md
35,0,train,/workspace/kdsh_trackA_data_centric/data/gold/run_id=run_20260201_223201/dossier/35.md
36,0,train,/workspace/kdsh_trackA_data_centric/data/gold/run_id=run_20260201_223201/dossier/36.md
37,1,test,/workspace/kdsh_trackA_data_centric/data/gold/run_id=run_20260201_223201/dossier/37.md
38,1,test,/workspace/kdsh_trackA_data_centric/data/gold/run_id=run_20260201_223201/dossier/38.md
39,1,train,/workspace/kdsh_trackA_data_centric/data/gold/run_id=run_20260201_223201/dossier/39.md
40,1,train,/workspace/kdsh_trackA_data_centric/data/gold/run_id=run_20260201_223201/dossier/40.md
41,1,train,/workspace/kdsh_trackA_data_centric/data/gold/run_id=run_20260201_223201/dossier/41.md
42,0,test,/workspace/kdsh_trackA_data_centric/data/gold/run_id=run_20260201_223201/dossier/42.md
43,0,train,/workspace/kdsh_trackA_data_centric/data/gold/run_id=run_20260201_223201/dossier/43.md
44,0,test,/workspace/kdsh_trackA_data_centric/data/gold/run_id=run_20260201_223201/dossier/44.md
45,0,train,/workspace/kdsh_trackA_data_centric/data/gold/run_id=run_20260201_223201/dossier/45.md
46,0,train,/workspace/kdsh_trackA_data_centric/data/gold/run_id=run_20260201_223201/dossier/46.md
47,1,test,/workspace/kdsh_trackA_data_centric/data/gold/run_id=run_20260201_223201/dossier/47.md
48,0,train,/workspace/kdsh_trackA_data_centric/data/gold/run_id=run_20260201_223201/dossier/48.md
49,0,test,/workspace/kdsh_trackA_data_centric/data/gold/run_id=run_20260201_223201/dossier/49.md
50,1,train,/workspace/kdsh_trackA_data_centric/data/gold/run_id=run_20260201_223201/dossier/50.md
51,0,test,/workspace/kdsh_trackA_data_centric/data/gold/run_id=run_20260201_223201/dossier/51.md
52,0,test,/workspace/kdsh_trackA_data_centric/data/gold/run_id=run_20260201_223201/dossier/52.md
53,0,test,/workspace/kdsh_trackA_data_centric/data/gold/run_id=run_20260201_223201/dossier/53.md
54,0,train,/workspace/kdsh_trackA_data_centric/data/gold/run_id=run_20260201_223201/dossier/54.md
55,1,train,/workspace/kdsh_trackA_data_centric/data/gold/run_id=run_20260201_223201/dossier/55.md
56,1,test,/workspace/kdsh_trackA_data_centric/data/gold/run_id=run_20260201_223201/dossier/56.md
57,1,train,/workspace/kdsh_trackA_data_centric/data/gold/run_id=run_20260201_223201/dossier/57.md
58,0,test,/workspace/kdsh_trackA_data_centric/data/gold/run_id=run_20260201_223201/dossier/58.md
59,0,test,/workspace/kdsh_trackA_data_centric/data/gold/run_id=run_20260201_223201/dossier/59.md
60,0,test,/workspace/kdsh_trackA_data_centric/data/gold/run_id=run_20260201_223201/dossier/60.md
61,0,test,/workspace/kdsh_trackA_data_centric/data/gold/run_id=run_20260201_223201/dossier/61.md
62,0,train,/workspace/kdsh_trackA_data_centric/data/gold/run_id=run_20260201_223201/dossier/62.md
63,1,train,/workspace/kdsh_trackA_data_centric/data/gold/run_id=run_20260201_223201/dossier/63.md
64,0,test,/workspace/kdsh_trackA_data_centric/data/gold/run_id=run_20260201_223201/dossier/64.md
65,0,train,/workspace/kdsh_trackA_data_centric/data/gold/run_id=run_20260201_223201/dossier/65.md
66,0,train,/workspace/kdsh_trackA_data_centric/data/gold/run_id=run_20260201_223201/dossier/66.md
67,1,train,/workspace/kdsh_trackA_data_centric/data/gold/run_id=run_20260201_223201/dossier/67.md
68,1,train,/workspace/kdsh_trackA_data_centric/data/gold/run_id=run_20260201_223201/dossier/68.md
69,0,train,/workspace/kdsh_trackA_data_centric/data/gold/run_id=run_20260201_223201/dossier/69.md
70,0,test,/workspace/kdsh_trackA_data_centric/data/gold/run_id=run_20260201_223201/dossier/70.md
71,0,train,/workspace/kdsh_trackA_data_centric/data/gold/run_id=run_20260201_223201/dossier/71.md
72,0,test,/workspace/kdsh_trackA_data_centric/data/gold/run_id=run_20260201_223201/dossier/72.md
73,0,train,/workspace/kdsh_trackA_data_centric/data/gold/run_id=run_20260201_223201/dossier/73.md
74,0,train,/workspace/kdsh_trackA_data_centric/data/gold/run_id=run_20260201_223201/dossier/74.md
75,0,test,/workspace/kdsh_trackA_data_centric/data/gold/run_id=run_20260201_223201/dossier/75.md
76,1,train,/workspace/kdsh_trackA_data_centric/data/gold/run_id=run_20260201_223201/dossier/76.md
77,0,test,/workspace/kdsh_trackA_data_centric/data/gold/run_id=run_20260201_223201/dossier/77.md
78,0,test,/workspace/kdsh_trackA_data_centric/data/gold/run_id=run_20260201_223201/dossier/78.md
79,0,train,/workspace/kdsh_trackA_data_centric/data/gold/run_id=run_20260201_223201/dossier/79.md
80,1,test,/workspace/kdsh_trackA_data_centric/data/gold/run_id=run_20260201_223201/dossier/80.md
81,0,test,/workspace/kdsh_trackA_data_centric/data/gold/run_id=run_20260201_223201/dossier/81.md
82,1,test,/workspace/kdsh_trackA_data_centric/data/gold/run_id=run_20260201_223201/dossier/82.md
83,1,train,/workspace/kdsh_trackA_data_centric/data/gold/run_id=run_20260201_223201/dossier/83.md
84,1,train,/workspace/kdsh_trackA_data_centric/data/gold/run_id=run_20260201_223201/dossier/84.md
85,0,test,/workspace/kdsh_trackA_data_centric/data/gold/run_id=run_20260201_223201/dossier/85.md
86,1,test,/workspace/kdsh_trackA_data_centric/data/gold/run_id=run_20260201_223201/dossier/86.md
87,0,test,/workspace/kdsh_trackA_data_centric/data/gold/run_id=run_20260201_223201/dossier/87.md
88,0,train,/workspace/kdsh_trackA_data_centric/data/gold/run_id=run_20260201_223201/dossier/88.md
89,0,train,/workspace/kdsh_trackA_data_centric/data/gold/run_id=run_20260201_223201/dossier/89.md
90,0,train,/workspace/kdsh_trackA_data_centric/data/gold/run_id=run_20260201_223201/dossier/90.md
91,0,test,/workspace/kdsh_trackA_data_centric/data/gold/run_id=run_20260201_223201/dossier/91.md
92,0,train,/workspace/kdsh_trackA_data_centric/data/gold/run_id=run_20260201_223201/dossier/92.md
93,0,test,/workspace/kdsh_trackA_data_centric/data/gold/run_id=run_20260201_223201/dossier/93.md
94,0,test,/workspace/kdsh_trackA_data_centric/data/gold/run_id=run_20260201_223201/dossier/94.md
95,0,test,/workspace/kdsh_trackA_data_centric/data/gold/run_id=run_20260201_223201/dossier/95.md
96,0,train,/workspace/kdsh_trackA_data_centric/data/gold/run_id=run_20260201_223201/dossier/96.md
97,0,test,/workspace/kdsh_trackA_data_centric/data/gold/run_id=run_20260201_223201/dossier/97.md
98,1,train,/workspace/kdsh_trackA_data_centric/data/gold/run_id=run_20260201_223201/dossier/98.md
99,0,train,/workspace/kdsh_trackA_data_centric/data/gold/run_id=run_20260201_223201/dossier/99.md
100,0,train,/workspace/kdsh_trackA_data_centric/data/gold/run_id=run_20260201_223201/dossier/100.md
101,0,test,/workspace/kdsh_trackA_data_centric/data/gold/run_id=run_20260201_223201/dossier/101.md
102,0,train,/workspace/kdsh_trackA_data_centric/data/gold/run_id=run_20260201_223201/dossier/102.md
103,0,test,/workspace/kdsh_trackA_data_centric/data/gold/run_id=run_20260201_223201/dossier/103.md
104,0,train,/workspace/kdsh_trackA_data_centric/data/gold/run_id=run_20260201_223201/dossier/104.md
105,0,train,/workspace/kdsh_trackA_data_centric/data/gold/run_id=run_20260201_223201/dossier/105.md
106,0,train,/workspace/kdsh_trackA_data_centric/data/gold/run_id=run_20260201_223201/dossier/106.md
107,0,train,/workspace/kdsh_trackA_data_centric/data/gold/run_id=run_20260201_223201/dossier/107.md
108,0,train,/workspace/kdsh_trackA_data_centric/data/gold/run_id=run_20260201_223201/dossier/108.md
109,0,train,/workspace/kdsh_trackA_data_centric/data/gold/run_id=run_20260201_223201/dossier/109.md
110,0,test,/workspace/kdsh_trackA_data_centric/data/gold/run_id=run_20260201_223201/dossier/110.md
111,0,test,/workspace/kdsh_trackA_data_centric/data/gold/run_id=run_20260201_223201/dossier/111.md
112,0,train,/workspace/kdsh_trackA_data_centric/data/gold/run_id=run_20260201_223201/dossier/112.md
113,0,train,/workspace/kdsh_trackA_data_centric/data/gold/run_id=run_20260201_223201/dossier/113.md
114,0,test,/workspace/kdsh_trackA_data_centric/data/gold/run_id=run_20260201_223201/dossier/114.md
115,0,test,/workspace/kdsh_trackA_data_centric/data/gold/run_id=run_20260201_223201/dossier/115.md
116,0,train,/workspace/kdsh_trackA_data_centric/data/gold/run_id=run_20260201_223201/dossier/116.md
117,1,train,/workspace/kdsh_trackA_data_centric/data/gold/run_id=run_20260201_223201/dossier/117.md
118,0,train,/workspace/kdsh_trackA_data_centric/data/gold/run_id=run_20260201_223201/dossier/118.md
119,0,test,/workspace/kdsh_trackA_data_centric/data/gold/run_id=run_20260201_223201/dossier/119.md
120,0,train,/workspace/kdsh_trackA_data_centric/data/gold/run_id=run_20260201_223201/dossier/120.md
121,0,test,/workspace/kdsh_trackA_data_centric/data/gold/run_id=run_20260201_223201/dossier/121.md
122,0,train,/workspace/kdsh_trackA_data_centric/data/gold/run_id=run_20260201_223201/dossier/122.md
123,0,train,/workspace/kdsh_trackA_data_centric/data/gold/run_id=run_20260201_223201/dossier/123.md
124,0,test,/workspace/kdsh_trackA_data_centric/data/gold/run_id=run_20260201_223201/dossier/124.md
125,0,train,/workspace/kdsh_trackA_data_centric/data/gold/run_id=run_20260201_223201/dossier/125.md
126,0,train,/workspace/kdsh_trackA_data_centric/data/gold/run_id=run_20260201_223201/dossier/126.md
127,0,test,/workspace/kdsh_trackA_data_centric/data/gold/run_id=run_20260201_223201/dossier/127.md
128,0,train,/workspace/kdsh_trackA_data_centric/data/gold/run_id=run_20260201_223201/dossier/128.md
129,0,test,/workspace/kdsh_trackA_data_centric/data/gold/run_id=run_20260201_223201/dossier/129.md
130,0,train,/workspace/kdsh_trackA_data_centric/data/gold/run_id=run_20260201_223201/dossier/130.md
131,1,test,/workspace/kdsh_trackA_data_centric/data/gold/run_id=run_20260201_223201/dossier/131.md
132,0,test,/workspace/kdsh_trackA_data_centric/data/gold/run_id=run_20260201_223201/dossier/132.md
133,0,test,/workspace/kdsh_trackA_data_centric/data/gold/run_id=run_20260201_223201/dossier/133.md
134,0,train,/workspace/kdsh_trackA_data_centric/data/gold/run_id=run_20260201_223201/dossier/134.md
135,0,test,/workspace/kdsh_trackA_data_centric/data/gold/run_id=run_20260201_223201/dossier/135.md
136,0,test,/workspace/kdsh_trackA_data_centric/data/gold/run_id=run_20260201_223201/dossier/136.md
137,0,train,/workspace/kdsh_trackA_data_centric/data/gold/run_id=run_20260201_223201/dossier/137.md
138,0,train,/workspace/kdsh_trackA_data_centric/data/gold/run_id=run_20260201_223201/dossier/138.md
139,0,train,/workspace/kdsh_trackA_data_centric/data/gold/run_id=run_20260201_223201/dossier/139.md
140,0,test,/workspace/kdsh_trackA_data_centric/data/gold/run_id=run_20260201_223201/dossier/140.md
